,Actor,Count,Rank
0,欧文・威尔逊,3,3
1,玛丽昂・歌迪亚,6,3
2,瑞秋・麦克亚当斯,8,3
3,汤姆・希德勒斯顿,5,3
4,凯西・贝茨,3,3
5,艾德里安・布洛迪,6,3
6,蕾雅・赛杜,4,3
7,麦克・辛,3,3
8,寇瑞・斯托尔,2,3
9,妮娜・阿里安达,1,3
10,米密・肯尼迪,1,3
11,柯特・富勒,2,3
12,卡拉・布吕尼,1,3
13,加德・艾尔马莱,1,3
14,艾丽森・皮尔,2,3
15,李连杰,3,3
16,周迅,9,3
17,陈坤,7,3
18,李宇春,3,3
19,桂纶镁,7,3
20,范晓萱,2,3
21,樊少皇,4,3
22,杜奕衡,3,3
23,刘家辉,5,3
24,张馨予,2,3
25,盛鉴,2,3
26,陈伟霆,2,3
27,钟欣潼,2,3
28,诗雅,2,3
29,曾国祥,2,3
30,周俊伟,1,3
31,向佐,1,3
32,杜汶泽,6,3
33,詹姆斯・麦卡沃伊,7,3
34,迈克尔・法斯宾德,5,3
35,詹妮弗・劳伦斯,6,3
36,尼古拉斯・霍尔特,4,3
37,奥斯卡・伊萨克,2,3
38,萝丝・拜恩,3,3
39,埃文・彼得斯,3,3
40,休・杰克曼,10,3
41,乔什・赫尔曼,3,3
42,苏菲・特纳,1,3
43,泰伊・谢里丹,1,3
44,卢卡斯・提尔,3,3
45,柯蒂・斯密特-麦菲,2,3
46,本・哈迪,1,3
47,亚历山德拉・希普,1,3
48,陈东兰,1,3
49,奥立薇娅・玛恩,1,3
50,山姆・尼尔,1,3
51,劳拉・邓恩,1,3
52,杰夫・高布伦,3,3
53,理查德・阿滕伯勒,1,3
54,鲍勃・佩克,1,3
55,马丁・费雷罗,1,3
56,约瑟夫・梅泽罗,2,3
57,阿丽亚娜・理查兹,1,3
58,塞缪尔・杰克逊,11,2
59,黄荣亮,2,3
60,韦恩・奈特,1,3
61,杰拉尔德・R・莫伦,1,3
62,米盖尔・桑多瓦尔,1,3
63,托比・马奎尔,3,3
64,威廉・达福,7,3
65,克斯汀・邓斯特,4,3
66,詹姆斯・弗兰科,4,3
67,克里夫・罗伯逊,2,3
68,罗斯玛丽・哈里斯,2,3
69,J・K・西蒙斯,8,3
70,乔・曼根尼罗,1,3
71,格里・贝克尔,1,3
72,比尔・努恩,3,3
73,杰克・贝茨,1,3
74,斯坦利・安德森,1,3
75,罗恩・帕金斯,1,3
76,迈克尔・帕帕约翰,1,3
77,布鲁斯・坎贝尔,2,3
78,本尼迪克特・康伯巴奇,11,2
79,马丁・弗瑞曼,9,3
80,鲁珀特・格雷夫斯,5,3
81,安德鲁・斯科特,5,3
82,马克・加蒂斯,4,3
83,尤娜・斯塔布斯,4,3
84,拉腊・普尔弗,3,3
85,凯瑟琳・帕金森,2,3
86,拉塞尔・托维,1,3
87,阿米莉亚・布摩,1,3
88,伊恩・哈拉德,1,3
89,保罗・路德,4,3
90,迈克尔・道格拉斯,1,3
91,伊万杰琳・莉莉,4,3
92,迈克尔・佩纳,3,3
93,大卫・达斯马齐连,1,3
94,朱迪・格雷尔,4,3
95,鲍比・坎纳瓦尔,1,3
96,约翰・斯拉特里,2,3
97,伍德・哈里斯,1,3
98,T.I.,1,3
99,海莉・阿特维尔,4,3
100,瓦内萨・罗斯,1,3
101,马丁・唐文,1,3
102,乔・克里斯特,1,3
103,艾比・莱德・弗特森,1,3
104,安东尼・麦凯,5,3
105,加勒特・莫里斯,1,3
106,尼尔・汉博格,1,3
107,鲁德・哈利特,1,3
108,斯坦・李,5,3
109,克里斯・埃文斯,7,3
110,塞巴斯蒂安・斯坦,6,3
111,格雷戈瓦・勒普兰斯-林盖,1,3
112,达尼埃莱・莱布伦,1,3
113,格莱高利・嘉德波瓦,1,3
114,埃默琳・格,1,3
115,NicolasBimont,1,3
116,GuyConrad,1,3
117,NicoleDavid,1,3
118,ChristianeGuillon,1,3
119,MichelineLevchin,1,3
120,JacquesTreiner,1,3
121,克里斯・海姆斯沃斯,5,3
122,娜塔莉・波特曼,8,3
123,安东尼・霍普金斯,4,3
124,斯特兰・斯卡斯加德,6,3
125,凯特・戴琳斯,2,3
126,克拉克・格雷格,6,3
127,伊德里斯・艾尔巴,7,3
128,科鲁姆・费奥瑞,4,3
129,雷・史蒂文森,2,3
130,浅野忠信,4,3
131,杰米・亚历山大,2,3
132,蕾妮・罗素,2,3
133,艾德里安娜・巴拉扎,1,3
134,杰瑞米・雷纳,7,3
135,乔希・达拉斯,2,3
136,林青霞,4,3
137,金城武,3,3
138,梁朝伟,17,2
139,王菲,3,3
140,周嘉玲,1,3
141,杨幂,6,3
142,柯震东,4,3
143,郭采洁,5,3
144,陈学冬,4,3
145,郭碧婷,3,3
146,谢依霖,3,3
147,李贤宰,1,3
148,锦荣,1,3
149,任言恺,1,3
150,王琳,3,3
151,姜潮,3,3
152,商侃,3,3
153,杜天皓,3,3
154,莱昂纳多・迪卡普里奥,9,3
155,马克・鲁弗洛,6,3
156,本・金斯利,5,3
157,马克斯・冯・叙多夫,2,3
158,米歇尔・威廉姆斯,2,3
159,艾米莉・莫迪默,3,3
160,派翠西娅・克拉克森,2,3
161,杰基・厄尔・哈利,1,3
162,泰德・拉文,2,3
163,约翰・卡洛・林奇,2,3
164,伊莱亚斯・科泰斯,2,3
165,罗宾・巴特利特,2,3
166,克里斯托弗・邓汉,2,3
167,约瑟夫・斯科拉,1,3
168,马龙・白兰度,1,3
169,阿尔・帕西诺,4,3
170,詹姆斯・肯恩,2,3
171,理查德・卡斯特尔诺,1,3
172,罗伯特・杜瓦尔,2,3
173,斯特林・海登,1,3
174,约翰・马利,1,3
175,理查德・康特,1,3
176,艾尔・勒提埃里,1,3
177,黛安・基顿,3,3
178,阿贝・维高达,1,3
179,塔莉娅・夏尔,3,3
180,吉亚尼・罗素,1,3
181,约翰・凯泽尔,2,3
182,鲁迪・邦德,1,3
183,三上博史,1,3
184,恰拉,1,3
185,伊藤步,3,3
186,江口洋介,2,3
187,许志安,1,3
188,渡部笃郎,2,3
189,山口智子,2,3
190,大V宁宁,1,3
191,桃井薰,1,3
192,朱莉娅・罗伯茨,2,3
193,裘德・洛,7,3
194,克里夫・欧文,2,3
195,科林・斯廷顿,2,3
196,NickHobbs,1,3
197,宋康昊,3,3
198,朴海日,1,3
199,裴斗娜,2,3
200,边熙峰,1,3
201,高雅星,2,3
202,约翰尼・德普,11,2
203,杰弗里・拉什,7,3
204,奥兰多・布鲁姆,10,3
205,凯拉・奈特莉,9,3
206,杰克・达文波特,4,3
207,乔纳森・普雷斯,2,3
208,刘德华,14,2
209,刘青云,4,3
210,蒙嘉慧,1,3
211,李子雄,4,3
212,许绍雄,2,3
213,林雪,9,3
214,黄卓玲,1,3
215,林伟健,1,3
216,罗永昌,1,3
217,让-马克・巴尔,1,3
218,让・雷诺,4,3
219,罗姗娜・阿奎特,2,3
220,汤唯,5,3
221,吴秀波,2,3
222,海清,3,3
223,宋美曼,1,3
224,宋美慧,1,3
225,金燕玲,3,3
226,买红妹,1,3
227,布拉德・哈德,1,3
228,李绮虹,1,3
229,哈维尔・巴登,2,3
230,布伦顿・思韦茨,1,3
231,卡雅・斯考达里奥,2,3
232,凯文・麦克纳利,3,3
233,格什菲・法拉哈尼,1,3
234,斯蒂芬・格拉汉姆,2,3
235,大卫・文翰,2,3
236,保罗・麦卡特尼,1,3
237,马丁・科勒巴,1,3
238,亚当・布朗,2,3
239,丹尼・基兰,1,3
240,马赫什・扎杜,1,3
241,胡安・卡洛斯・凡希多,1,3
242,金秀贤,2,3
243,全智贤,3,3
244,朴海镇,1,3
245,刘仁娜,1,3
246,吴尚镇,1,3
247,安宰贤,1,3
248,申成禄,1,3
249,詹妮弗・安妮斯顿,3,3
250,柯特妮・考克斯,1,3
251,丽莎・库卓,2,3
252,马特・勒布朗,1,3
253,马修・派瑞,2,3
254,大卫・休默,3,3
255,詹姆斯・迈克尔・泰勒,1,3
256,田中真弓,1,3
257,横泽启子,1,3
258,初井言荣,1,3
259,寺田农,1,3
260,常田富士男,1,3
261,永井一郎,2,3
262,糸博,1,3
263,鹫尾真知子,1,3
264,神山卓三,1,3
265,安原义人,1,3
266,槐柳二,1,3
267,鳕子,2,3
268,周星驰,14,2
269,吴孟达,10,3
270,梁咏琪,1,3
271,孙佳君,2,3
272,徐锦江,5,3
273,黄一飞,4,3
274,江欣燕,2,3
275,朱咪咪,3,3
276,李健仁,5,3
277,郑祖,1,3
278,乔什・加德,5,3
279,布丽特・罗伯森,1,3
280,丹尼斯・奎德,2,3
281,佩吉・利普顿,1,3
282,K・J・阿帕,1,3
283,布莱斯・吉扎尔,1,3
284,朱丽叶・赖伦斯,1,3
285,卢克・科比,1,3
286,加布里埃尔・罗斯,1,3
287,迈克尔・博夫舍维尔,1,3
288,洛根・米勒,1,3
289,柯比・豪厄-尔巴普蒂斯特,1,3
290,普奇・豪尔,1,3
291,约翰・奥提兹,2,3
292,妮科尔・勒普拉卡,1,3
293,彼特・科拉米斯,1,3
294,卡罗琳・凯芙,1,3
295,简・迈克格雷格,1,3
296,科维西・阿梅扬,1,3
297,卡琳・博姆拜克,1,3
298,娜奥米・弗伦内特,1,3
299,葛优,13,2
300,关之琳,1,3
301,英达,5,3
302,保罗・马祖斯基,1,3
303,唐纳德・萨瑟兰,4,3
304,李成儒,2,3
305,张涵予,13,2
306,傅彪,3,3
307,刘仪伟,3,3
308,克里斯托弗・巴登,1,3
309,何平,1,3
310,牛飘,1,3
311,杜宝宝,1,3
312,李晓耕,1,3
313,许晓力,1,3
314,叶宏,1,3
315,袁德旺,1,3
316,张临,1,3
317,杨欣,2,3
318,吉米,1,3
319,吉姆・帕森斯,1,3
320,约翰尼・盖尔克奇,3,3
321,凯莉・库柯,1,3
322,西蒙・赫尔伯格,1,3
323,昆瑙・内亚,1,3
324,莎拉・吉尔伯特,1,3
325,克里斯汀・芭伦斯基,1,3
326,凯文・苏斯曼,2,3
327,乔迪・琳・欧基菲,2,3
328,凯缇・萨克霍夫,1,3
329,詹姆斯・洪,4,3
330,马克・哈雷利克,1,3
331,安妮・海瑟薇,11,2
332,梅丽尔・斯特里普,1,3
333,艾米莉・布朗特,3,3
334,斯坦利・图齐,7,3
335,西蒙・贝克,1,3
336,艾德里安・格尼尔,1,3
337,吉赛尔・邦辰,1,3
338,弗朗索瓦・克鲁塞,1,3
339,奥玛・希,3,3
340,安娜・勒尼,1,3
341,奥德雷・弗勒罗,1,3
342,托马・索利韦尔,1,3
343,尼古拉斯・凯奇,7,3
344,瑞恩・雷诺兹,4,3
345,艾玛・斯通,5,3
346,凯瑟琳・基纳,3,3
347,克拉克・杜克,2,3
348,克劳斯・利特曼,1,3
349,克里斯・桑德斯,1,3
350,兰迪・汤姆,1,3
351,杰克・吉伦哈尔,4,3
352,维拉・法米加,4,3
353,米歇尔・莫纳汉,3,3
354,杰弗里・怀特,2,3
355,拉塞尔・皮特斯,1,3
356,詹姆斯・A・伍兹,1,3
357,迈克尔・阿登,1,3
358,乔・柯布登,3,3
359,卡斯・安瓦尔,2,3
360,邓超,10,3
361,罗志祥,2,3
362,张雨绮,4,3
363,林允,2,3
364,徐克,4,3
365,吴亦凡,3,3
366,李尚正,2,3
367,卢正雨,2,3
368,白客,2,3
369,孔连顺,2,3
370,田启文,6,3
371,文章,4,3
372,杨能,1,3
373,张美娥,3,3
374,李叶青,2,3
375,林子聪,4,3
376,冯绍峰,4,3
377,陈柏霖,6,3
378,钟汉良,3,3
379,王珞丹,3,3
380,袁泉,4,3
381,陈乔恩,2,3
382,贾樟柯,1,3
383,高华阳,2,3
384,安德鲁・加菲尔德,4,3
385,杰米・福克斯,2,3
386,戴恩・德哈恩,1,3
387,坎贝尔・斯科特,2,3
388,艾伯丝・戴维兹,3,3
389,保罗・吉亚玛提,3,3
390,莎莉・菲尔德,3,3
391,克里斯・泽尔卡,1,3
392,丹尼斯・利瑞,5,3
393,弗兰克・迪尔,1,3
394,马尔顿・索克斯,3,3
395,麦克斯・查尔斯,1,3
396,菲丽希缇・琼斯,1,3
397,克里斯・奥唐纳,1,3
398,詹姆斯・瑞布霍恩,3,3
399,加布里埃尔・安瓦尔,1,3
400,菲利普・塞默・霍夫曼,4,3
401,RichardVenture,1,3
402,布莱德利・惠特福德,1,3
403,RochelleOliver,1,3
404,MargaretEginton,1,3
405,TomRiisFarrell,2,3
406,NicholasSadler,1,3
407,托德・路易斯,1,3
408,MattSmith,1,3
409,吉恩・坎菲尔德,1,3
410,弗兰西丝・康罗伊,2,3
411,莫妮卡・贝鲁奇,3,3
412,朱塞佩・苏尔法罗,1,3
413,LucianoFederico,1,3
414,MatildePiana,1,3
415,埃丽萨・莫鲁奇,1,3
416,史蒂夫・卡瑞尔,5,3
417,杰森・席格尔,1,3
418,拉塞尔・布兰德,2,3
419,朱莉・安德鲁斯,3,3
420,威尔・阿奈特,2,3
421,克里斯汀・韦格,7,3
422,米兰达・卡斯格拉夫,2,3
423,达纳・盖尔,2,3
424,艾尔西・费舍尔,2,3
425,皮埃尔・科凡,3,3
426,克里斯・雷纳德,2,3
427,杰梅奈・克莱门特,2,3
428,杰克・麦克布瑞尔,1,3
429,丹尼・麦克布莱德,2,3
430,敏迪・卡灵,2,3
431,罗布・许贝尔,1,3
432,肯・道里欧,1,3
433,郑肯,4,3
434,白百何,7,3
435,张嘉译,4,3
436,王耀庆,2,3
437,张子萱,3,3
438,郭京飞,2,3
439,曹翠芬,1,3
440,魏宗万,1,3
441,廖凡,7,3
442,徐梵溪,1,3
443,李念,1,3
444,焦俊艳,2,3
445,艾如,1,3
446,叶一云,1,3
447,赵毅,3,3
448,姚笛,1,3
449,李晨,6,3
450,马伊P,3,3
451,陈羽凡,3,3
452,张歆艺,2,3
453,张默,3,3
454,刘天佐,1,3
455,李晓峰,1,3
456,冯小刚,6,3
457,许晴,2,3
458,刘桦,4,3
459,李易峰,1,3
460,梁静,2,3
461,白举纲,1,3
462,于和伟,2,3
463,连奕名,1,3
464,尚语贤,1,3
465,鲁诺,2,3
466,管宗祥,1,3
467,尹力,1,3
468,余皑磊,5,3
469,宁浩,3,3
470,江珊,1,3
471,张译,4,3
472,张鲁一,2,3
473,梁天,3,3
474,张一山,1,3
475,王俊凯,2,3
476,王源,1,3
477,易烊千玺,1,3
478,巴图,1,3
479,倍赏千惠子,1,3
480,木村拓哉,2,3
481,美轮明宏,2,3
482,我修院达也,2,3
483,神木隆之介,4,3
484,伊崎充则,1,3
485,大泉洋,1,3
486,大V明夫,2,3
487,原田大二郎,1,3
488,加藤治子,1,3
489,朱迪・福斯特,1,3
490,斯科特・格伦,2,3
491,安东尼・希尔德,1,3
492,布鲁克・史密斯,2,3
493,卡斯・莱蒙斯,1,3
494,弗兰基・费森,1,3
495,崔西・沃特,1,3
496,丹・巴特勒,1,3
497,达拉,1,3
498,张国立,2,3
499,范冰冰,10,3
500,徐帆,5,3
501,韩童生,1,3
502,黄素影,2,3
503,范伟,7,3
504,张鹭,1,3
505,咏梅,3,3
506,赵奎娥,1,3
507,李连义,2,3
508,郭百利,1,3
509,约翰・特拉沃尔塔,2,3
510,乌玛・瑟曼,3,3
511,阿曼达・普拉莫,2,3
512,蒂姆・罗斯,2,3
513,菲尔・拉马,1,3
514,布鲁斯・威利斯,6,3
515,弗兰克・威利,1,3
516,布尔・斯蒂尔斯,1,3
517,文・瑞姆斯,4,3
518,劳拉・拉芙蕾丝,1,3
519,保罗・考尔德伦,1,3
520,布罗娜・加拉赫,1,3
521,埃里克・斯托尔兹,2,3
522,玛丽亚・德・梅黛洛,1,3
523,约翰・库萨克,3,3
524,约翰・马尔科维奇,2,3
525,科尔姆・米尼,1,3
526,麦凯尔泰・威廉逊,2,3
527,尼克・齐兰德,1,3
528,大卫・查普尔,1,3
529,雷切尔・蒂科汀,1,3
530,史蒂夫・布西密,5,3
531,丹尼・特雷霍,1,3
532,迈克・康纳・盖尼,1,3
533,兰德里・阿尔伯特,1,3
534,莫妮卡・波特,1,3
535,杰西・博雷格,1,3
536,何塞・祖尼加,1,3
537,耐德・巴拉米,1,3
538,约翰・罗斯留斯,1,3
539,弗瑞德里克・林恩,1,3
540,安吉拉・范泽斯通,1,3
541,道格・休切逊,1,3
542,大卫・莱姆希,1,3
543,埃米里奥・瑞弗拉,1,3
544,格雷格・科林斯,2,3
545,唐・戴维斯,1,3
546,雷诺里・圣地亚哥,1,3
547,SteveEastin,1,3
548,BrendanKelly,2,3
549,CarlCiarfalio,1,3
550,MartyMcSorley,1,3
551,BobStephenson,1,3
552,ScottDitty,1,3
553,ConradGoode,1,3
554,MarioRoberts,1,3
555,TyGrandersonJones,1,3
556,EarlBillings,1,3
557,BillyDevlin,1,3
558,MarkGinther,1,3
559,ThomasRosalesJr.,1,3
560,EddiePerez,1,3
561,唐・钱德尔,6,3
562,苏菲・奥康内多,1,3
563,杰昆・菲尼克斯,3,3
564,尼克・诺特,1,3
565,哈基姆・凯-卡西姆,1,3
566,福山雅治,1,3
567,柴崎幸,2,3
568,堤真一,1,3
569,松雪泰子,1,3
570,北村一辉,1,3
571,金泽美穗,1,3
572,章子怡,6,3
573,巩俐,6,3
574,刘嘉玲,9,3
575,张震,8,3
576,张曼玉,10,3
577,董洁,1,3
578,ThongchaiMcIntyre,1,3
579,萧炳林,2,3
580,吴廷烨,3,3
581,张睿羚,1,3
582,斯嘉丽・约翰逊,11,2
583,比尔・默瑞,4,3
584,吉奥瓦尼・瑞比西,4,3
585,竹下明子,1,3
586,安娜・法瑞丝,2,3
587,凯瑟琳・兰伯特,1,3
588,克里斯・派恩,2,3
589,扎克瑞・昆图,1,3
590,佐伊・索尔达娜,5,3
591,西蒙・佩吉,5,3
592,安东・叶利钦,1,3
593,卡尔・厄本,4,3
594,约翰・赵,1,3
595,布鲁斯・格林伍德,2,3
596,布兰登・诺曼,1,3
597,爱丽丝・伊芙,2,3
598,金・凯瑞,4,3
599,凯特・温丝莱特,3,3
600,伊利亚・伍德,6,3
601,汤姆斯・杰・瑞恩,1,3
602,简・亚当斯,1,3
603,大卫・克罗斯,4,3
604,汤姆・威尔金森,3,3
605,AmirAliSaid,1,3
606,BrianPrice,1,3
607,PaulieLitt,1,3
608,科林・法瑞尔,2,3
609,基弗・萨瑟兰,1,3
610,福里斯特・惠特克,2,3
611,拉达・米切尔,2,3
612,凯蒂・霍尔姆斯,2,3
613,罗根・勒曼,2,3
614,艾玛・沃森,9,3
615,埃兹拉・米勒,2,3
616,妮娜・杜波夫,1,3
617,梅・惠特曼,2,3
618,迪伦・麦克德莫特,1,3
619,凯特・沃什,1,3
620,梅兰妮・林斯基,2,3
621,瑞斯・伊凡斯,3,3
622,马丁・辛,2,3
623,C・托马斯・豪威尔,1,3
624,朱丽安妮・尼科尔森,1,3
625,安妮・帕里西,1,3
626,伊尔凡・可汗,3,3
627,迈尔斯・艾略特,1,3
628,汉娜・马克斯,1,3
629,威尔・史密斯,8,3
630,比尔・普尔曼,2,3
631,玛丽・麦克唐纳,1,3
632,贾德・赫希,1,3
633,罗伯特・劳吉亚,1,3
634,兰迪・奎德,2,3
635,玛格丽特・柯林,1,3
636,薇薇卡・福克斯,3,3
637,哈维・费斯特恩,2,3
638,亚当・鲍德温,1,3
639,布伦特・斯皮内,1,3
640,詹姆斯・杜瓦尔,1,3
641,莉萨・雅克布,1,3
642,杰赛普・安德鲁斯,1,3
643,RossBagley,1,3
644,比尔・斯米托洛维奇,1,3
645,小哈里・康尼克,2,3
646,绮尔斯腾・瓦伦,1,3
647,JohnStorey,1,3
648,FrankNovak,1,3
649,德文・古梅尔萨尔,1,3
650,吉姆・皮多克,1,3
651,阿曼达・塞弗里德,2,3
652,贾斯汀・汀布莱克,2,3
653,基里安・墨菲,5,3
654,文森特・卡塞瑟,1,3
655,亚历克斯・帕蒂弗,1,3
656,奥利维亚・王尔德,2,3
657,马特・波莫,1,3
658,贝拉・希思科特,1,3
659,萨莎・彼福瓦洛娃,1,3
660,梅丽莎・奥德维,2,3
661,瑞秋・罗伯茨,1,3
662,王学圻,5,3
663,黄晓明,5,3
664,赵文浩,1,3
665,王翰,1,3
666,赵文卓,2,3
667,鲍国安,1,3
668,张丰毅,3,3
669,舒淇,8,3
670,周韵,5,3
671,妻夫木聪,2,3
672,阮经天,3,3
673,谢欣颖,1,3
674,倪大红,5,3
675,雷镇语,1,3
676,许芳宜,1,3
677,毕安生,1,3
678,张少怀,1,3
679,石隽,1,3
680,梅芳,1,3
681,吴彦祖,10,3
682,古天乐,7,3
683,张静初,4,3
684,袁咏仪,1,3
685,廖启智,1,3
686,何美钿,1,3
687,尔冬升,1,3
688,杰拉德・巴特勒,4,3
689,埃米・罗森,2,3
690,帕特里克・威尔森,3,3
691,米兰达・理查森,1,3
692,明妮・德里弗,2,3
693,塞伦・希德,2,3
694,西蒙・卡洛,1,3
695,维克多・麦奎尔,1,3
696,詹妮弗・艾莉森,1,3
697,穆雷・梅尔文,1,3
698,詹姆斯・弗雷特,1,3
699,保罗・布洛克,1,3
700,莱明・卡莱姆罗,1,3
701,郑秀文,4,3
702,王天林,1,3
703,黑川力矢,1,3
704,佐膝佳次,1,3
705,绫濑遥,1,3
706,小出惠介,2,3
707,阿井莉沙,1,3
708,蛭子能收,1,3
709,远藤宪一,1,3
710,伊武雅刀,2,3
711,桐谷健太,1,3
712,小日向文世,1,3
713,松本莉绪,1,3
714,纳谷六朗,1,3
715,斋藤步,1,3
716,李晋纬,1,3
717,林海峰,1,3
718,吴君如,5,3
719,黄秋生,7,3
720,BuxxBanner,1,3
721,希拉里・斯万克,1,3
722,吉娜・格申,2,3
723,杰弗里・迪恩・摩根,1,3
724,房祖名,1,3
725,姜文,6,3
726,陈冲,3,3
727,孔维,1,3
728,崔健,1,3
729,李加民,1,3
730,徐熙媛,2,3
731,张家辉,1,3
732,刘烨,5,3
733,龚蓓,3,3
734,张兆辉,1,3
735,陈诗慧,1,3
736,贝安琪,1,3
737,王祖蓝,1,3
738,陈家乐,1,3
739,洪卓立,1,3
740,谭竣浩,1,3
741,赵又廷,5,3
742,林更新,6,3
743,金,1,3
744,杨颖,4,3
745,胡东,1,3
746,马京京,1,3
747,林朝绪,1,3
748,言杰,1,3
749,汪汐潮,1,3
750,詹妮弗・洛芙・休伊特,1,3
751,布瑞金・梅耶,1,3
752,斯蒂芬・托布罗斯基,2,3
753,小罗伯特・唐尼,8,3
754,劳米・拉佩斯,2,3
755,斯蒂芬・弗雷,5,3
756,凯利・蕾莉,3,3
757,杰瑞德・哈里斯,2,3
758,杰拉丁妮・詹姆斯,2,3
759,威廉・休斯顿,1,3
760,保罗・安德森,2,3
761,陈道明,5,3
762,甄子丹,6,3
763,梅艳芳,1,3
764,张国荣,9,3
765,万梓良,1,3
766,朱宝意,2,3
767,温碧霞,1,3
768,谭倩红,1,3
769,谢贤,2,3
770,汪禹,1,3
771,刘家荣,1,3
772,惠英红,2,3
773,朱瑞棠,1,3
774,AmirFarrokhHashemian,1,3
775,默罕默德・阿米尔・纳吉,1,3
776,BahareSeddiqi,1,3
777,NafiseJafar-Mohammadi,1,3
778,FereshteSarabandi,1,3
779,池胁千鹤,1,3
780,F田吉彦,1,3
781,丹波哲郎,1,3
782,前田亚季,1,3
783,山田孝之,1,3
784,佐藤仁美,1,3
785,佐户井贤太,1,3
786,滨田岳,1,3
787,渡边哲,2,3
788,斋藤洋介,1,3
789,冈江久美子,1,3
790,托马斯・简,2,3
791,马西娅・盖伊・哈登,3,3
792,劳瑞・侯登,2,3
793,安德鲁・布劳尔,2,3
794,托比・琼斯,5,3
795,威廉姆・赛德勒,3,3
796,内森・甘宝,1,3
797,水田山葵,1,3
798,大原惠美,1,3
799,嘉数由美,1,3
800,木村昴,1,3
801,关智一,1,3
802,本・斯蒂勒,4,3
803,克里斯・洛克,2,3
804,贾达・萍克・史密斯,4,3
805,萨莎・拜伦・科恩,4,3
806,弗兰西斯・麦克多蒙德,2,3
807,杰西卡・查斯坦,3,3
808,蕾妮・齐薇格,1,3
809,科林・费尔斯,5,3
810,休・格兰特,4,3
811,吉姆・布劳德本特,4,3
812,雪莉・亨德森,2,3
813,莎莉・菲利普斯,1,3
814,詹姆斯・卡利斯,1,3
815,格雷格・T・尼尔森,1,3
816,霍利・亨特,2,3
817,杰森・李,1,3
818,泰迪・牛顿,1,3
819,华莱士・肖恩,1,3
820,洪金宝,2,3
821,熊黛林,3,3
822,郑则仕,1,3
823,敖嘉年,1,3
824,杜宇航,2,3
825,达伦・萨赫拉维,1,3
826,释小龙,1,3
827,任达华,4,3
828,郑家星,1,3
829,陆梅芳,1,3
830,莫蕾娜・巴卡林,1,3
831,艾德・斯克林,1,3
832,T・J・米勒,5,3
833,吉娜・卡拉诺,2,3
834,布里安娜・希德布兰德,1,3
835,斯蒂芬・卡皮契奇,1,3
836,莱斯利・格塞斯,1,3
837,杰德・瑞斯,1,3
838,卡兰・索尼,1,3
839,汤米・李・琼斯,5,3
840,雨果・维文,13,2
841,多米尼克・库珀,2,3
842,理查德・阿米蒂奇,4,3
843,尼尔・麦克唐纳,1,3
844,德里克・卢克,1,3
845,肯尼斯・崔,1,3
846,约翰・约瑟夫・菲尔德,1,3
847,安迪・加西亚,1,3
848,埃里・瓦拉赫,1,3
849,乔・曼特纳,1,3
850,乔治・汉密尔顿,1,3
851,布里吉特・芳达,1,3
852,索菲亚・科波拉,1,3
853,雷夫・瓦朗,1,3
854,弗兰克・德安布罗西奥,1,3
855,敦尔・当纳利,1,3
856,理查德・布赖特,3,3
857,赫尔穆特・贝格,1,3
858,唐・诺韦洛,1,3
859,乔芝・韩莉,1,3
860,斯堪德・凯恩斯,1,3
861,威廉・莫斯里,1,3
862,安娜・帕波维尔,1,3
863,蒂尔达・斯文顿,5,3
864,连姆・尼森,6,3
865,雷・温斯顿,2,3
866,彭于晏,10,3
867,吴佩慈,2,3
868,蒋劲夫,1,3
869,林依晨,1,3
870,王阳明,1,3
871,陈匡怡,1,3
872,陆明君,1,3
873,黄志玮,1,3
874,孟耿如,1,3
875,林美秀,2,3
876,罗北安,2,3
877,应蔚民,2,3
878,殷琦,1,3
879,金士杰,8,3
880,李维维,2,3
881,余函弥,1,3
882,许豪恩,1,3
883,曾之乔,1,3
884,布拉德・皮特,8,3
885,黛安・克鲁格,2,3
886,朱利安・格洛弗,1,3
887,布莱恩・考克斯,6,3
888,内森・琼斯,2,3
889,艾瑞克・巴纳,3,3
890,雅各布・史密斯,1,3
891,彼得・奥图尔,3,3
892,周润发,8,3
893,周杰伦,3,3
894,陈瑾,2,3
895,李曼,2,3
896,秦俊杰,1,3
897,汤姆・克鲁斯,6,3
898,丽贝卡・弗格森,1,3
899,西恩・哈里斯,2,3
900,西蒙・迈克伯尼,1,3
901,汤姆・霍兰德,4,3
902,延斯・赫尔腾,1,3
903,亚历克・鲍德温,2,3
904,亚历克・乌特戈夫,1,3
905,赫敏・科菲尔德,1,3
906,阿美莉嘉・奥利沃,1,3
907,拉斯科・阿特金斯,1,3
908,肖恩・克罗宁,1,3
909,明格斯・约翰斯顿,1,3
910,古力娜扎,1,3
911,栾元晖,1,3
912,秦越,1,3
913,许可嘉,1,3
914,梁超,3,3
915,赵曼竹,1,3
916,孙俪,2,3
917,柳岩,4,3
918,谢楠,2,3
919,朱莉娅・奥蒙德,2,3
920,艾丹・奎因,2,3
921,卡琳娜・隆巴德,1,3
922,亨利・托马斯,2,3
923,马特・达蒙,8,3
924,杰夫・丹尼尔斯,2,3
925,凯特・玛拉,3,3
926,肖恩・宾,4,3
927,唐纳德・格洛弗,1,3
928,切瓦特・埃加福特,3,3
929,阿卡塞尔・亨涅,1,3
930,陈数,1,3
931,高雄,1,3
932,本尼迪克特・王,4,3
933,麦肯兹・戴维斯,1,3
934,娜奥米・斯科特,1,3
935,丽丽・博尔丹,1,3
936,布莱恩・卡斯佩,2,3
937,伊万・麦克格雷格,3,3
938,阿尔伯特・芬尼,3,3
939,比利・克鲁德普,1,3
940,杰西卡・兰格,1,3
941,海伦娜・伯翰・卡特,10,3
942,艾莉森・洛曼,1,3
943,罗伯特・吉尔劳姆,1,3
944,马修・麦克格罗里,1,3
945,大卫・丹曼,1,3
946,米西・派勒,4,3
947,卢顿・万恩怀特三世,1,3
948,艾达・泰,1,3
949,艾伦妮・泰,1,3
950,丹尼・德维托,2,3
951,迪普・罗伊,3,3
952,海利・安妮・内尔森,1,3
953,宋芸桦,1,3
954,王大陆,1,3
955,李玉玺,1,3
956,简廷芮,1,3
957,言承旭,1,3
958,曲家瑞,1,3
959,屈中恒,1,3
960,钟欣凌,1,3
961,许杰辉,1,3
962,蔡颐榛,1,3
963,郭文颐,1,3
964,石知田,1,3
965,那维勋,1,3
966,林鹤轩,1,3
967,陈彦允,1,3
968,张立东,1,3
969,郑茵声,1,3
970,李绍祥,1,3
971,丹尼尔・雷德克里夫,7,3
972,鲁伯特・格林特,7,3
973,艾伦・瑞克曼,10,3
974,玛吉・史密斯,7,3
975,汤姆・费尔顿,7,3
976,伊恩・哈特,1,3
977,理查德・哈里斯,3,3
978,约翰・赫特,5,3
979,罗彼・考特拉尼,2,3
980,朱丽・沃特斯,8,3
981,邦妮・怀特,7,3
982,约翰・克立斯,2,3
983,肖恩・比格斯代夫,2,3
984,詹妮弗・康纳利,3,3
985,杰曼・翰苏,5,3
986,大卫・哈雷伍德,1,3
987,阿诺德・沃斯洛,1,3
988,赵薇,9,3
989,费翔,1,3
990,陈廷嘉,1,3
991,希亚・拉博夫,3,3
992,泰瑞斯・吉布森,6,3
993,乔什・杜哈明,3,3
994,安东尼・安德森,1,3
995,梅根・福克斯,2,3
996,瑞切尔・泰勒,1,3
997,约翰・特托罗,2,3
998,强・沃特,4,3
999,迈克尔・奥尼尔,1,3
1000,凯文・杜恩KevinDunn,1,3
1001,朱丽叶・怀特,2,3
1002,宝拉・巴顿,2,3
1003,乔什・哈洛威,1,3
1004,迈克尔・恩奎斯特,1,3
1005,亚尼・卡普,2,3
1006,弗拉基米尔・马什科夫,1,3
1007,比尔・奈伊,6,3
1008,肯尼思・布拉纳,2,3
1009,尼克・弗罗斯特,2,3
1010,汤姆・斯图里奇,1,3
1011,瑞斯・达比,1,3
1012,克里斯・奥多德,2,3
1013,妲露拉・莱莉,2,3
1014,潘迪华,3,3
1015,张耀扬,3,3
1016,钱似莺,1,3
1017,顾锦华,1,3
1018,克里斯托弗・普卢默,5,3
1019,埃琳诺・帕克,1,3
1020,理查德・海顿,1,3
1021,佩吉・伍德,1,3
1022,查尔敏・卡尔,1,3
1023,HeatherMenzies,1,3
1024,尼古拉斯・哈蒙德,1,3
1025,DuaneChase,1,3
1026,安吉拉・卡特怀特,1,3
1027,DebbieTurner,1,3
1028,KymKarath,1,3
1029,安娜・李,1,3
1030,PortiaNelson,1,3
1031,本・怀特,1,3
1032,DanielTruhitte,1,3
1033,诺玛・威登,1,3
1034,GilchristStuart,1,3
1035,MarniNixon,1,3
1036,EvadneBaker,1,3
1037,多丽丝・劳埃德,1,3
1038,山口胜平,2,3
1039,加藤清史郎,1,3
1040,原田知世,1,3
1041,e所哲也,1,3
1042,艾米・亚当斯,4,3
1043,迈克尔・斯图巴,4,3
1044,马志,1,3
1045,马克・奥布莱恩,1,3
1046,派特・凯利,1,3
1047,娜塔莉・希波蒂,1,3
1048,袁罗素,2,3
1049,克里斯蒂安・杰达,1,3
1050,朱利安・凯西,1,3
1051,崔维斯・费米尔,1,3
1052,托比・凯贝尔,4,3
1053,本・福斯特,2,3
1054,鲁丝・内伽,1,3
1055,克兰西・布朗,2,3
1056,丹尼尔・库德摩尔,2,3
1057,罗伯特・卡辛斯基,2,3
1058,本・施耐泽,1,3
1059,格伦・克洛斯,2,3
1060,考乐姆・吉斯・雷尼,3,3
1061,泰瑞・诺塔里,3,3
1062,瑞安・罗宾斯,1,3
1063,博尔克利・杜菲尔德,1,3
1064,丹・佩恩,1,3
1065,迪伦・肖明,1,3
1066,唐尼・麦克尼尔,1,3
1067,迈克・安东纳科斯,1,3
1068,拉吉・拉尔,1,3
1069,徐峥,10,3
1070,黄渤,10,3
1071,余男,4,3
1072,多布杰,2,3
1073,王双宝,1,3
1074,巴多,1,3
1075,杨新鸣,2,3
1076,郭虹,1,3
1077,陶虹,5,3
1078,曾江,3,3
1079,叶璇,1,3
1080,黄奕,1,3
1081,刘浩龙,1,3
1082,胡枫,2,3
1083,骆应钧,2,3
1084,江毅,1,3
1085,焦姣,1,3
1086,郭锋,1,3
1087,林迪安,2,3
1088,邹凯光,2,3
1089,方中信,5,3
1090,钟均呈,1,3
1091,莫文蔚,7,3
1092,张柏芝,3,3
1093,陈国坤,2,3
1094,莫美林,1,3
1095,林子善,3,3
1096,李卉,1,3
1097,谷德昭,8,3
1098,阿比盖尔・布蕾斯琳,1,3
1099,托妮・科莱特,3,3
1100,格雷戈・金尼尔,1,3
1101,保罗・达诺,2,3
1102,艾伦・阿金,3,3
1103,布莱恩・科兰斯顿,3,3
1104,迪恩・诺里斯,1,3
1105,狄龙,1,3
1106,田丰,2,3
1107,吴宇森,1,3
1108,成奎安,1,3
1109,加里・奥德曼,9,3
1110,拉尔夫・费因斯,7,3
1111,迈克尔・刚本,5,3
1112,艾玛・汤普森,5,3
1113,艾美达・斯丹顿,2,3
1114,詹森・艾萨克,3,3
1115,梁佩诗,2,3
1116,布莱丹・格里森,2,3
1117,伊文娜・林奇,3,3
1118,松田洋治,2,3
1119,石田百合子,1,3
1120,田中裕子,1,3
1121,小林薰,2,3
1122,西村雅彦,1,3
1123,上条恒彦,1,3
1124,岛本须美,3,3
1125,佐藤允,1,3
1126,名古屋章,1,3
1127,森光子,1,3
1128,森繁久弥,1,3
1129,汤姆・汉克斯,10,3
1130,哈莉・贝瑞,5,3
1131,吉姆・斯特吉斯,2,3
1132,本・卫肖,2,3
1133,詹姆斯・达西,1,3
1134,凯斯・大卫,2,3
1135,大卫・吉雅西,2,3
1136,苏珊・萨兰登,1,3
1137,艾文・布莱纳,3,3
1138,约翰尼・李・米勒,1,3
1139,凯文・麦克基德,1,3
1140,罗伯特・卡莱尔,1,3
1141,凯莉・麦克唐纳,2,3
1142,彼得・穆兰,2,3
1143,詹姆斯・卡沙莫,2,3
1144,艾琳・尼古拉斯,1,3
1145,苏珊・维德勒,1,3
1146,波林・林奇,1,3
1147,斯图尔特・麦克奎里,1,3
1148,埃文・威尔什,1,3
1149,戴尔・温顿,1,3
1150,基思・艾伦,2,3
1151,凯文・艾伦,1,3
1152,芬利・威尔士,1,3
1153,约翰・霍奇,1,3
1154,汤姆・德尔玛,1,3
1155,凯特・哈德森,2,3
1156,吉娜・罗兰兹,2,3
1157,彼得・萨斯加德,2,3
1158,乔伊・布赖恩特,1,3
1159,麦克辛・巴内特,1,3
1160,法隆尼・R・哈里斯,1,3
1161,马龙・泽瑟,1,3
1162,安・达芮普,1,3
1163,迪内・泰勒,1,3
1164,楚拉・M・马库斯,1,3
1165,松雅・斯塔森,1,3
1166,托马斯・尤斯卡利,1,3
1167,JenApgar,1,3
1168,弗里斯特・兰蒂斯,1,3
1169,基努・里维斯,3,3
1170,劳伦斯・菲什伯恩,4,3
1171,凯瑞-安・莫斯,4,3
1172,凯特・宾汉,1,3
1173,邹兆龙,4,3
1174,朗贝尔・维尔森,2,3
1175,本・阿弗莱克,6,3
1176,凯尔・钱德勒,3,3
1177,约翰・古德曼,4,3
1178,克里・杜瓦尔,2,3
1179,罗利・科奇瑞恩,1,3
1180,维克多・加博,4,3
1181,凯瑞・碧许,1,3
1182,泰特・多诺万,1,3
1183,克里斯・梅西纳,1,3
1184,卡梅隆・迪亚兹,2,3
1185,彼得・里格特,1,3
1186,彼得・格林纳,1,3
1187,艾米・雅丝贝克,1,3
1188,凯瑞・穆里根,2,3
1189,艾拉・菲舍尔,2,3
1190,乔尔・埃哲顿,1,3
1191,卡兰・麦克奥利菲,2,3
1192,阿米达普・巴强,1,3
1193,杰森・克拉科,2,3
1194,伊丽莎白・德比茨基,2,3
1195,嘉玛・沃德,2,3
1196,王力宏,1,3
1197,庹宗华,1,3
1198,朱芷莹,1,3
1199,柯宇纶,2,3
1200,阮德锵,1,3
1201,高英轩,1,3
1202,钱嘉乐,2,3
1203,何赛飞,1,3
1204,宋茹惠,1,3
1205,苏岩,1,3
1206,卢燕,3,3
1207,樊光耀,2,3
1208,黎明,3,3
1209,杨恭如,1,3
1210,曾志伟,6,3
1211,杜可风,1,3
1212,张同祖,2,3
1213,诸慧荷,1,3
1214,丁羽,1,3
1215,吴念真,1,3
1216,李凯莉,1,3
1217,张洋洋,1,3
1218,萧淑慎,1,3
1219,尾形一成,1,3
1220,陈希圣,1,3
1221,林孟瑾,1,3
1222,陈以文,1,3
1223,张育邦,1,3
1224,柯素云,1,3
1225,唐如韫,1,3
1226,徐淑媛,1,3
1227,曾心怡,1,3
1228,陶传正,1,3
1229,沈恩京,2,3
1230,闵孝琳,1,3
1231,姜素拉,1,3
1232,南宝拉,1,3
1233,陈熙京,1,3
1234,金时厚,1,3
1235,柳好贞,1,3
1236,朴真珠,1,3
1237,金甫美,1,3
1238,千禹熙,1,3
1239,李Z荣,2,3
1240,戚玉武,1,3
1241,晋松,1,3
1242,梁家豪,1,3
1243,肖聪,2,3
1244,叶尔江・马合甫什,1,3
1245,谭安业,1,3
1246,张灏,1,3
1247,闻洋,1,3
1248,赵长洲,1,3
1249,李奇龙,1,3
1250,曲大雷,1,3
1251,向恬冉,1,3
1252,韩振华,1,3
1253,金粮,1,3
1254,戴小轶,1,3
1255,陈敏渝,1,3
1256,王巧玉,1,3
1257,李冰冰,5,3
1258,王志文,3,3
1259,苏有朋,1,3
1260,石兆琪,3,3
1261,段奕宏,4,3
1262,朱旭,1,3
1263,刘威葳,1,3
1264,张一白,3,3
1265,吴刚,3,3
1266,邓家佳,2,3
1267,刘芸,1,3
1268,爱戴,1,3
1269,汤姆・塞兹摩尔,1,3
1270,爱德华・伯恩斯,1,3
1271,巴里・佩珀,1,3
1272,亚当・戈德堡,2,3
1273,范・迪塞尔,8,3
1274,杰瑞米・戴维斯,1,3
1275,特德・丹森,1,3
1276,丹尼斯・法里纳,1,3
1277,马克斯・马蒂尼,2,3
1278,丹兰・布鲁诺,1,3
1279,市原隼人,1,3
1280,忍成修吾,1,3
1281,大泽隆夫,2,3
1282,市川实和子,1,3
1283,稻森泉,1,3
1284,苍井优,2,3
1285,松田一沙,1,3
1286,胜地凉,1,3
1287,马场乔子,1,3
1288,伊藤友树,1,3
1289,郭智博,2,3
1290,笠原秀幸,1,3
1291,冈村麻纯,1,3
1292,杉本哲太,1,3
1293,田中要次,3,3
1294,靠谡嫠,1,3
1295,细山田隆人,1,3
1296,阿诺・施瓦辛格,2,3
1297,琳达・汉密尔顿,1,3
1298,爱德华・福隆,1,3
1299,罗伯特・帕特里克,1,3
1300,阿尔・伯恩,1,3
1301,乔・莫顿,1,3
1302,埃帕莎・默克森,1,3
1303,卡斯图罗・格雷拉,1,3
1304,丹尼・库克塞,1,3
1305,詹妮特・戈德斯坦恩,1,3
1306,山德・贝克利,2,3
1307,莱思莉・汉密尔顿・格伦,1,3
1308,杰瑞米・艾文,1,3
1309,艾米丽・沃森,2,3
1310,大卫・休里斯,4,3
1311,尼尔斯・阿雷斯特吕普,1,3
1312,席琳・邦金斯,1,3
1313,大卫・克劳斯,2,3
1314,帕特里克・肯尼迪,2,3
1315,海利・乔・奥斯蒙,3,3
1316,弗兰西丝・奥康纳,1,3
1317,山姆・洛巴兹,2,3
1318,杰克・托马斯,1,3
1319,威廉・赫特,3,3
1320,肯・梁,1,3
1321,汤姆・加洛普,2,3
1322,EugeneOsment,1,3
1323,艾普尔・格雷斯,1,3
1324,马特・温斯顿,1,3
1325,萨布丽娜・格德维奇,1,3
1326,TheoGreenly,1,3
1327,钟楚红,1,3
1328,朱江,1,3
1329,唐宁,1,3
1330,邓一君,1,3
1331,马修・麦康纳,3,3
1332,詹妮弗・加纳,4,3
1333,杰瑞德・莱托,2,3
1334,史蒂夫・茨恩,1,3
1335,达拉斯・罗伯特斯,1,3
1336,凯文・兰金,1,3
1337,丹尼斯・欧哈拉,1,3
1338,简・麦克尼尔,1,3
1339,格里芬・邓恩,1,3
1340,詹姆斯・杜蒙特,1,3
1341,朱丽叶・里夫斯,1,3
1342,斯蒂菲・格罗特,1,3
1343,J・D・埃弗摩尔,1,3
1344,梁家辉,9,3
1345,泰迪・罗宾,1,3
1346,吴耀汉,2,3
1347,姚橹,2,3
1348,刘金山,1,3
1349,马今,1,3
1350,张敏,4,3
1351,徐少强,1,3
1352,林威,2,3
1353,陈百祥,3,3
1354,郑丹瑞,2,3
1355,苑琼丹,6,3
1356,陈慧仪,1,3
1357,伊莎贝拉・弗尔曼,2,3
1358,希・庞德,2,3
1359,吉米・本内特,1,3
1360,玛格・马丁戴尔,1,3
1361,卡瑞尔・罗登,2,3
1362,阿娅娜・恩吉妮尔,1,3
1363,萝丝玛丽・邓斯莫尔,1,3
1364,杰米・杨,1,3
1365,LorryAyers,1,3
1366,BrendanWall,1,3
1367,盖内尔・威廉姆斯,1,3
1368,MustafaAbdelkarim,1,3
1369,LandonNorris,1,3
1370,张学友,5,3
1371,邱淑贞,1,3
1372,刘松仁,1,3
1373,袁洁莹,1,3
1374,温兆伦,1,3
1375,陈德容,1,3
1376,景甜,1,3
1377,佩德罗・帕斯卡,1,3
1378,鹿晗,3,3
1379,郑恺,5,3
1380,黄轩,1,3
1381,余心恬,1,3
1382,刘冰,1,3
1383,李亨,1,3
1384,李京沐,1,3
1385,纽曼・阿卡,1,3
1386,约翰尼・希科,1,3
1387,皮鲁・埃斯贝克,2,3
1388,周冬雨,4,3
1389,隋凯,1,3
1390,王啸坤,1,3
1391,龚格尔,1,3
1392,李岷城,1,3
1393,赵思园,1,3
1394,曹阳,1,3
1395,张子枫,3,3
1396,李砚,1,3
1397,杜扬,1,3
1398,周浩东,1,3
1399,姜志刚,1,3
1400,张小北,1,3
1401,孙德元,1,3
1402,凯伦・阿姆斯特朗,1,3
1403,约翰・布埃诺,1,3
1404,大卫・肯尼斯・沃恩,1,3
1405,迈克尔・J・吉拉普,1,3
1406,奈津子,1,3
1407,Danvanwert,1,3
1408,Dankern,1,3
1409,赵泽文,1,3
1410,冯千卉,1,3
1411,陈一榕,1,3
1412,铃木杏,2,3
1413,钟镇涛,2,3
1414,陈冠希,4,3
1415,余文乐,6,3
1416,陈小春,2,3
1417,津村和幸,1,3
1418,阿部力,1,3
1419,田中千绘,3,3
1420,刘u宏,1,3
1421,丹尼尔・克雷格,1,3
1422,鲁妮・玛拉,3,3
1423,史蒂文・伯克夫,2,3
1424,罗宾・怀特,3,3
1425,约里克・范・韦杰宁根,1,3
1426,乔莉・理查德森,1,3
1427,高兰・维斯耶克,1,3
1428,唐纳德・桑普特,1,3
1429,乌尔夫・弗里贝格,1,3
1430,本基特・卡尔森,1,3
1431,托尼・威,2,3
1432,帕尔・麦尔伯格,1,3
1433,约瑟芬・阿斯普伦德,1,3
1434,EvaFritjofson,1,3
1435,莫娅・嘉尔彭铎,1,3
1436,MayaHansson-Bergqvist,1,3
1437,SarahAppelberg,1,3
1438,朱利安・山德斯,1,3
1439,AnnaBj?rk,1,3
1440,古斯塔夫・汉马斯顿,1,3
1441,SimonReithner,1,3
1442,大卫・丹席克,1,3
1443,MarcusJohansson,1,3
1444,MathildavonEssen,1,3
1445,MathiasPalmér,1,3
1446,马丁・贾维斯,2,3
1447,因加・朗格里,1,3
1448,安德尔斯・伯格,1,3
1449,MatsAndersson,1,3
1450,JürgenKlein,1,3
1451,雅丽・乔维尔,1,3
1452,阿兰・戴尔,2,3
1453,LenaStr?mdahl,1,3
1454,里奥・比尔,2,3
1455,FredrikDolk,1,3
1456,艾洛蒂・袁,1,3
1457,乔尔・金纳曼,1,3
1458,KarenE.Wright,1,3
1459,理查德・格雷弗斯,3,3
1460,费奥纳・肖,2,3
1461,克里斯・兰金,1,3
1462,克里斯蒂安・库尔森,1,3
1463,蒂姆・艾伦,2,3
1464,琼・库萨克,1,3
1465,尼德・巴蒂,1,3
1466,唐・里克斯,2,3
1467,迈克尔・基顿,3,3
1468,Y原良子,1,3
1469,y村真人,1,3
1470,京田尚子,1,3
1471,纳谷悟郎,1,3
1472,宫内幸平,1,3
1473,八奈见乘儿,1,3
1474,矢田稔,1,3
1475,富永美伊奈,1,3
1476,家弓家正,1,3
1477,吉田理保子,1,3
1478,菅谷政子,1,3
1479,坂本千夏,2,3
1480,麦人,1,3
1481,大V芳忠,1,3
1482,河正宇,1,3
1483,全慧珍,1,3
1484,李大为,1,3
1485,娜奥米・沃茨,3,3
1486,杰克・布莱克,5,3
1487,托马斯・克莱舒曼,4,3
1488,科林・汉克斯,1,3
1489,安迪・瑟金斯,10,3
1490,伊万・帕克,1,3
1491,杰米・贝尔,2,3
1492,洛博・陈,1,3
1493,约翰・萨莫尔,2,3
1494,克里格・霍尔,1,3
1495,威廉・约翰逊,1,3
1496,马克・哈德洛,2,3
1497,杰拉丁・博若飞,1,3
1498,大卫・皮图,1,3
1499,克里斯汀・斯科特・托马斯,2,3
1500,朱丽叶・比诺什,2,3
1501,纳威恩・安德利维斯,1,3
1502,朱丽娅・斯蒂尔斯,4,3
1503,大卫・斯特雷泽恩,2,3
1504,帕迪・康斯戴恩,1,3
1505,埃德加・拉米雷兹,1,3
1506,琼・艾伦,6,3
1507,TomGallop,1,3
1508,克里・约翰逊,1,3
1509,丹尼尔・布鲁尔,3,3
1510,乔伊・安沙,1,3
1511,丹・弗雷登堡,1,3
1512,LucyLiemann,1,3
1513,李亚鹏,1,3
1514,徐静蕾,2,3
1515,王学兵,3,3
1516,何洁,1,3
1517,程伊,2,3
1518,崔达治,1,3
1519,优{,2,3
1520,陈明,1,3
1521,冯|,1,3
1522,王芸,1,3
1523,曹卫宇,3,3
1524,佟丽娅,4,3
1525,韩庚,4,3
1526,陈晓,1,3
1527,谢苗,1,3
1528,吴旭东,2,3
1529,海一天,1,3
1530,张立,1,3
1531,释彦能,4,3
1532,孙蛟龙,1,3
1533,程思寒,2,3
1534,元武,1,3
1535,肖轶,1,3
1536,王尧,1,3
1537,杨一威,2,3
1538,罗伯特・德尼罗,3,3
1539,詹姆斯・伍兹,1,3
1540,伊丽莎白・麦戈文,1,3
1541,乔・佩西,2,3
1542,波特・杨,1,3
1543,塔斯黛・韦尔德,1,3
1544,特里特・威廉斯,1,3
1545,丹尼・爱罗,2,3
1546,詹姆斯・海登,1,3
1547,威廉・弗西斯,2,3
1548,达兰妮・弗鲁格,1,3
1549,拉里・拉普,1,3
1550,理查德・弗让吉,1,3
1551,罗伯特・哈珀,1,3
1552,查德维克・博斯曼,1,3
1553,保罗・贝坦尼,9,3
1554,伊丽莎白・奥尔森,2,3
1555,艾米丽・万凯普,2,3
1556,弗兰克・格里罗,3,3
1557,霍普・戴维斯,2,3
1558,玛丽莎・托梅,1,3
1559,吉姆・拉什,1,3
1560,金世佳,1,3
1561,马克・斯特朗,4,3
1562,包贝尔,4,3
1563,杜鹃,4,3
1564,葛民辉,2,3
1565,李灿森,3,3
1566,潘虹,1,3
1567,赵有亮,1,3
1568,朱媛媛,1,3
1569,王迅,4,3
1570,冯勉恒,3,3
1571,王晶,2,3
1572,叶竞生,1,3
1573,林晓峰,2,3
1574,车保罗,1,3
1575,江约诚,2,3
1576,林路迪,1,3
1577,詹瑞文,2,3
1578,庄思敏,1,3
1579,艾伦・佩吉,5,3
1580,吴珊卓,2,3
1581,OdessaRae,1,3
1582,G.J.Echternkamp,1,3
1583,伊萨克・亨普斯特德-怀特,1,3
1584,查尔斯・丹斯,2,3
1585,约翰・C・布莱德利,1,3
1586,罗恩・多纳基,1,3
1587,伊恩・麦克尔希尼,1,3
1588,米歇尔・费尔利,3,3
1589,艾米莉亚・克拉克,1,3
1590,伊恩・格雷,1,3
1591,基特・哈灵顿,2,3
1592,尼古拉・科斯特-瓦尔道,1,3
1593,吉姆・法尼,1,3
1594,罗宾・威廉姆斯,4,3
1595,迪克・范・戴克,1,3
1596,米基・鲁尼,1,3
1597,比尔・考布斯,1,3
1598,杰克・切里,1,3
1599,瑞奇・热维斯,2,3
1600,基姆・瑞弗,1,3
1601,派崔克・盖勒,1,3
1602,詹姆斯・斯派德,1,3
1603,亚伦・泰勒-约翰逊,2,3
1604,寇碧・史莫德斯,3,3
1605,朱莉・德尔佩,3,3
1606,亨利・古德曼,1,3
1607,多米尼克・普罗沃斯特-切克利,1,3
1608,艾萨克・安德鲁斯,1,3
1609,凯文・史派西,3,3
1610,安妮特・贝宁,1,3
1611,索拉・伯奇,1,3
1612,米娜・苏瓦丽,1,3
1613,克里斯・库珀,2,3
1614,韦斯・本特利,3,3
1615,彼得・盖勒,1,3
1616,艾莉森・珍妮,4,3
1617,斯科特・巴库拉,1,3
1618,巴里・德尔・舍曼,1,3
1619,徐娇,1,3
1620,姚文雪,1,3
1621,格洛丽亚・福斯特,2,3
1622,佐仓绫音,1,3
1623,内山昂辉,1,3
1624,扎克・埃夫隆,1,3
1625,莱斯利・曼恩,1,3
1626,托马斯・列农,3,3
1627,TylerSteelman,1,3
1628,艾莉森・米勒,1,3
1629,斯特林・奈特,1,3
1630,米歇尔・崔切伯格,1,3
1631,亚当・格雷戈里,1,3
1632,亨特・帕瑞施,1,3
1633,MarioCassem,1,3
1634,卡特琳娜・格兰厄姆,1,3
1635,TiyaSircar,1,3
1636,梅罗拉・哈丁,1,3
1637,大冢匡将,1,3
1638,艾德・哈里斯,5,3
1639,奥克塔维亚・斯宾瑟,2,3
1640,卢克・帕斯夸尼洛,1,3
1641,弗拉德・伊凡诺夫,1,3
1642,RichardMcCabe,1,3
1643,詹姆斯・德雷福斯,1,3
1644,吉娜・麦基,1,3
1645,窦骁,3,3
1646,奚美娟,1,3
1647,李雪健,2,3
1648,姜瑞佳,1,3
1649,于新博,1,3
1650,萨日娜,1,3
1651,成泰,1,3
1652,吕丽萍,1,3
1653,孙海英,2,3
1654,王劲松,1,3
1655,马尔科姆・麦克道威尔,1,3
1656,帕特里克・马基,1,3
1657,迈克尔・贝茨,1,3
1658,沃伦・克拉克,1,3
1659,约翰・克莱夫,1,3
1660,蒂姆・罗宾斯,2,3
1661,摩根・弗里曼,10,3
1662,鲍勃・冈顿,1,3
1663,吉尔・贝罗斯,1,3
1664,马克・罗斯顿,1,3
1665,詹姆斯・惠特摩,1,3
1666,杰弗里・德曼,1,3
1667,拉里・布兰登伯格,1,3
1668,尼尔・吉恩托利,1,3
1669,布赖恩・利比,1,3
1670,大卫・普罗瓦尔,1,3
1671,约瑟夫・劳格诺,1,3
1672,祖德・塞克利拉,2,3
1673,彼得・阿佩尔,1,3
1674,迈克尔・巴达鲁科,1,3
1675,艾伦・格里尼,1,3
1676,伊丽莎白・瑞根,1,3
1677,卡尔・马图斯维奇,1,3
1678,弗兰克・赛格,1,3
1679,麦温,2,3
1680,乔治・马丁,2,3
1681,罗伯特・拉萨多,1,3
1682,亚当・布斯奇,1,3
1683,马里奥・托迪斯科,1,3
1684,萨米・纳塞利,1,3
1685,蒋雯丽,3,3
1686,吴大维,3,3
1687,吕齐,1,3
1688,雷汉,1,3
1689,尹治,1,3
1690,马明威,1,3
1691,费振翔,1,3
1692,智一桐,1,3
1693,李春,1,3
1694,赵海龙,1,3
1695,李丹,1,3
1696,童弟,1,3
1697,沈慧芬,1,3
1698,郑雨盛,1,3
1699,李成宰,1,3
1700,姜大卫,1,3
1701,季冠霖,1,3
1702,苏尚卿,1,3
1703,许魏洲,1,3
1704,杨婷,1,3
1705,潘淑兰,1,3
1706,九儿,1,3
1707,王德顺,2,3
1708,张媛媛,1,3
1709,薛立方,1,3
1710,姜广涛,1,3
1711,阿杰,1,3
1712,马正阳,1,3
1713,宝木中阳,1,3
1714,刘校妤,1,3
1715,普路特・泰勒・文斯,1,3
1716,梅兰尼・蒂埃里,1,3
1717,阿尔贝托・巴斯克斯,1,3
1718,刘玉玲,6,3
1719,达丽尔・汉纳,2,3
1720,大卫・卡拉丁,2,3
1721,迈克尔・马德森,2,3
1722,朱莉・德赖弗斯,1,3
1723,栗山千明,1,3
1724,千叶真一,1,3
1725,迈克尔・帕克斯,2,3
1726,迈克尔・鲍文,1,3
1727,国村隼,1,3
1728,大叶健二,1,3
1729,风祭由纪,1,3
1730,阿米尔・汗,3,3
1731,卡琳娜・卡普尔,1,3
1732,马达范,1,3
1733,沙尔曼・乔希,1,3
1734,奥米・瓦依达,1,3
1735,博曼・伊拉尼,2,3
1736,莫娜・辛格,1,3
1737,拉杰夫・拉宾德拉纳特安,1,3
1738,熊欣欣,2,3
1739,刘洵,4,3
1740,任世官,1,3
1741,吴启华,2,3
1742,袁祥仁,3,3
1743,魏忠威,1,3
1744,郑希怡,1,3
1745,王彤川,1,3
1746,叶德娴,1,3
1747,秦海璐,3,3
1748,秦沛,5,3
1749,王馥荔,1,3
1750,朱慧敏,1,3
1751,江美仪,1,3
1752,罗兰,2,3
1753,谭炳文,1,3
1754,宫雪花,1,3
1755,于冬,1,3
1756,艾莉丝・布拉加,2,3
1757,CharlieTahan,1,3
1758,达什・米霍克,2,3
1759,莎莉・理查德森,1,3
1760,盖・皮尔斯,4,3
1761,格温妮斯・帕特洛,5,3
1762,丽贝卡・豪尔,2,3
1763,乔恩・费儒,3,3
1764,詹姆斯・戴尔,1,3
1765,伊芳・齐玛,1,3
1766,泰・辛普金斯,2,3
1767,阿什利・汉弥尔顿,1,3
1768,吴倩莲,1,3
1769,杨贵媚,1,3
1770,王渝文,1,3
1771,郎雄,3,3
1772,张艾嘉,2,3
1773,归亚蕾,3,3
1774,赵文u,2,3
1775,陈昭荣,1,3
1776,玛德琳・卡罗尔,1,3
1777,瑞贝卡・德・莫妮,1,3
1778,安东尼・爱德华兹,1,3
1779,约翰・马奥尼,1,3
1780,佩内洛普・安・米勒,1,3
1781,凯文・韦斯曼,1,3
1782,摩根・莉莉,4,3
1783,肖恩・哈珀,1,3
1784,瑞安・克茨纳,1,3
1785,吉莉安・普法夫,1,3
1786,迈克尔・博萨,1,3
1787,博・勒纳,1,3
1788,杰奎琳・埃沃拉,1,3
1789,泰勒・格鲁秀斯,1,3
1790,薇诺娜・瑞德,2,3
1791,黛安・韦斯特,1,3
1792,安东尼・迈克尔・豪尔,1,3
1793,凯西・贝克,1,3
1794,罗伯特・奥利维里,1,3
1795,康查塔・费雷尔,1,3
1796,卡罗琳・阿隆,2,3
1797,迪克・安东尼・威廉姆斯,1,3
1798,澳澜・琼斯,1,3
1799,文森特・普莱斯,1,3
1800,苏珊・布洛马特,1,3
1801,LindaPerri,1,3
1802,约翰・戴维森,1,3
1803,陈妍希,2,3
1804,敖犬,1,3
1805,郝劭文,1,3
1806,蔡昌宪,2,3
1807,鄢胜宇,1,3
1808,弯弯,1,3
1809,邱彦翔,1,3
1810,王彩桦,1,3
1811,柯义,1,3
1812,黄逸祥,1,3
1813,李凤新,1,3
1814,黄柏钧,1,3
1815,赖雅妍,1,3
1816,高丽红,1,3
1817,严艺文,1,3
1818,蔡武雄,1,3
1819,奥黛丽・塔图,2,3
1820,马修・卡索维茨,2,3
1821,吕菲斯,1,3
1822,洛莱拉・克拉沃塔,1,3
1823,塞尔日・梅兰,1,3
1824,贾梅尔・杜布兹,1,3
1825,克洛蒂尔德・莫勒,1,3
1826,克莱尔・莫里耶,1,3
1827,伊莎贝尔・南蒂,1,3
1828,多米尼克・皮侬,1,3
1829,阿尔蒂斯・德・彭居埃恩,1,3
1830,友兰达・梦露,1,3
1831,于尔班・康塞利埃,1,3
1832,莫里斯・贝尼舒,1,3
1833,米歇尔・罗班,1,3
1834,安德烈・达芒,1,3
1835,克洛德・佩隆,1,3
1836,阿尔梅尔,1,3
1837,迪基・奥尔加多,1,3
1838,KevinFernandes,1,3
1839,弗洛拉・吉耶,1,3
1840,阿莫里・巴博尔,1,3
1841,欧仁・贝蒂埃,1,3
1842,让・达里,1,3
1843,马克・阿米约,1,3
1844,萨姆・沃辛顿,2,3
1845,西格妮・韦弗,1,3
1846,史蒂芬・朗,1,3
1847,米歇尔・罗德里格兹,5,3
1848,乔・大卫・摩尔,1,3
1849,贾登・史密斯,1,3
1850,坦迪・牛顿,4,3
1851,布莱恩・豪威,2,3
1852,詹姆斯・凯伦,2,3
1853,丹・卡斯泰兰尼塔,1,3
1854,塔卡尤・费舍尔,1,3
1855,凯文・韦斯特,1,3
1856,GeorgeCheung,1,3
1857,戴维・迈克尔・西尔弗曼,1,3
1858,DomenicBove,1,3
1859,杰弗・卡伦,1,3
1860,JoyfulRaven,1,3
1861,斯科特・克拉斯,1,3
1862,比利・赞恩,1,3
1863,弗兰西丝・费舍,1,3
1864,格劳瑞亚・斯图尔特,1,3
1865,比尔・帕克斯顿,2,3
1866,伯纳德・希尔,2,3
1867,大卫・沃纳,1,3
1868,乔纳森・海德,1,3
1869,苏茜・爱米斯,1,3
1870,刘易斯・阿伯内西,1,3
1871,NicholasCascone,1,3
1872,AnatolyM.Sagalevitch,1,3
1873,丹尼・努齐,1,3
1874,杰森・贝瑞,1,3
1875,伊万・斯图尔特,1,3
1876,艾恩・格拉法德,1,3
1877,乔纳森・菲利普斯,1,3
1878,马克・林赛・查普曼,1,3
1879,理查德・格拉翰,1,3
1880,PaulBrightwell,1,3
1881,艾瑞克・布里登,1,3
1882,夏洛特・查顿,1,3
1883,博纳德・福克斯,1,3
1884,迈克尔・英塞恩,1,3
1885,FannieBrett,1,3
1886,RosalindAyres,1,3
1887,罗切尔・罗斯,1,3
1888,JonathanEvans-Jones,1,3
1889,SimonCrane,1,3
1890,爱德华德・弗莱彻,1,3
1891,ScottAnderson,1,3
1892,MartinEast,1,3
1893,克雷格・凯利,1,3
1894,格雷戈里・库克,1,3
1895,LiamTuohy,1,3
1896,JamesLancaster,1,3
1897,艾尔莎・瑞雯,1,3
1898,LewPalter,1,3
1899,TerryForrestal,1,3
1900,KevinDeLaNoy,1,3
1901,约瑟夫・高登-莱维特,4,3
1902,渡边谦,3,3
1903,汤姆・哈迪,4,3
1904,迪利普・劳,1,3
1905,汤姆・贝伦杰,1,3
1906,迈克尔・凯恩,8,3
1907,卢卡斯・哈斯,2,3
1908,皮特・波斯尔思韦特,1,3
1909,伊桑・霍克,5,3
1910,弗农・多布切夫,1,3
1911,姜武,4,3
1912,邵兵,3,3
1913,苗圃,2,3
1914,胡军,5,3
1915,马珂,1,3
1916,白冰,3,3
1917,李静,1,3
1918,胡明,2,3
1919,危笑,1,3
1920,杨奇雨,1,3
1921,赵铭,1,3
1922,艾美,2,3
1923,入野自由,1,3
1924,夏木真理,1,3
1925,菅原文太,1,3
1926,内藤刚志,1,3
1927,泽口靖子,1,3
1928,池内博之,1,3
1929,林家栋,5,3
1930,黄又南,1,3
1931,钮承泽,2,3
1932,陈意涵,2,3
1933,王景春,2,3
1934,朱茵,3,3
1935,蔡少芬,2,3
1936,蓝洁瑛,3,3
1937,罗家英,4,3
1938,刘镇伟,3,3
1939,陆树铭,2,3
1940,加里・西尼斯,1,3
1941,MichaelConnerHumphreys,1,3
1942,赫克托・埃里仲杜,1,3
1943,希瑟・玛塔拉佐,1,3
1944,曼迪・摩尔,1,3
1945,卡罗琳・古多尔,2,3
1946,罗伯特・舒瓦兹曼,1,3
1947,伊瑞克・冯・迪滕,1,3
1948,帕特里克・约翰・弗鲁格,1,3
1949,肖恩・奥布赖恩,1,3
1950,KathleenMarshall,1,3
1951,MindyBurbano,1,3
1952,KimleighSmith,1,3
1953,ElizabethGudenrath,1,3
1954,本・贝尔特,1,3
1955,艾丽莎・奈特,1,3
1956,杰夫・格尔林,1,3
1957,佛莱德・威拉特,1,3
1958,爱德华・阿斯纳,1,3
1959,乔丹・长井,1,3
1960,鲍勃・彼德森,2,3
1961,戴尔里・林多,1,3
1962,约翰・拉岑贝格,3,3
1963,大卫・卡耶,1,3
1964,唐纳德・富利洛夫,1,3
1965,杰斯・哈梅尔,1,3
1966,乔什・库雷,2,3
1967,苏拉・沙玛,1,3
1968,拉菲・斯波,3,3
1969,热拉尔・德帕迪约,2,3
1970,塔布,1,3
1971,阿迪勒・侯赛因,1,3
1972,阿尤什・坦东,1,3
1973,王柏杰,2,3
1974,俊・奈托,1,3
1975,罗伯特・雷德福,1,3
1976,卡兰・马尔韦,2,3
1977,珍妮・艾加特,1,3
1978,乔治・圣皮埃尔,1,3
1979,盖瑞・山德林,2,3
1980,黄经汉,3,3
1981,阿德托库姆布斯・麦克马克,1,3
1982,多米尼克・瑞恩斯,1,3
1983,刘以达,2,3
1984,薛家燕,1,3
1985,李兆基,2,3
1986,江希文,1,3
1987,欧锦棠,1,3
1988,钟丽缇,2,3
1989,梁荣忠,2,3
1990,黄一山,3,3
1991,弗朗卡・波滕特,3,3
1992,阿德沃尔・阿吉纽依-艾格拜吉,2,3
1993,加布里埃尔・曼,2,3
1994,沃尔顿・戈金斯,2,3
1995,约什・汉密尔顿,1,3
1996,OrsoMariaGuerrini,1,3
1997,克里斯蒂安・贝尔,5,3
1998,希斯・莱杰,2,3
1999,艾伦・艾克哈特,1,3
2000,玛吉・吉伦哈尔,2,3
2001,内斯特・卡博内尔,2,3
2002,埃里克・罗伯茨,2,3
2003,威廉・菲德内尔,1,3
2004,梅尔・吉布森,1,3
2005,苏菲・玛索,1,3
2006,辛・劳洛,1,3
2007,凯瑟琳・麦克马克,2,3
2008,安古斯・麦克菲登,1,3
2009,陈炳强,1,3
2010,赵志凌,2,3
2011,周秀娜,1,3
2012,杨迪,1,3
2013,谢晶晶,1,3
2014,何文辉,2,3
2015,唐艺昕,1,3
2016,张煜雯,1,3
2017,葛行于,1,3
2018,张超理,1,3
2019,杨千,2,3
2020,司徒慧焯,2,3
2021,方皓玟,1,3
2022,谷祖琳,2,3
2023,缪非临,1,3
2024,黄德斌,1,3
2025,张达明,2,3
2026,徐天佑,1,3
2027,周振辉,1,3
2028,杨子姗,2,3
2029,江疏影,1,3
2030,刘雅瑟,2,3
2031,张瑶,1,3
2032,王佳佳,1,3
2033,黄明,1,3
2034,王森,1,3
2035,黄小蕾,3,3
2036,韩红,1,3
2037,杨澜,1,3
2038,宫哲,1,3
2039,崔文璐,1,3
2040,克里斯托弗・沃尔兹,2,3
2041,凯丽・华盛顿,2,3
2042,丹尼斯・克里斯托弗,1,3
2043,乔纳・希尔,4,3
2044,詹姆斯・瑞马尔,1,3
2045,爱波・塔布琳,1,3
2046,弗兰科・内罗,1,3
2047,罗伯特・卡拉丁,1,3
2048,佐伊・贝尔,1,3
2049,郑佩佩,2,3
2050,梁家仁,1,3
2051,黄,1,3
2052,吴镇宇,1,3
2053,陈辉虹,1,3
2054,宣萱,1,3
2055,温翠萍,1,3
2056,保罗・沃克,3,3
2057,杰森・斯坦森,4,3
2058,乔丹娜・布鲁斯特,3,3
2059,卢达克里斯,5,3
2060,道恩・强森,4,3
2061,卢卡斯・布莱克,1,3
2062,库尔特・拉塞尔,3,3
2063,娜塔莉・伊曼纽尔,2,3
2064,埃尔莎・帕塔奇,4,3
2065,盖尔・加朵,5,3
2066,约翰・布罗特顿,1,3
2067,卢克・伊万斯,6,3
2068,托尼・贾,1,3
2069,诺尔・古格雷米,2,3
2070,阿里・扎勒,1,3
2071,姜成镐,3,3
2072,龙达・鲁西,1,3
2073,伊吉・阿德利亚,1,3
2074,乔恩・李・布罗迪,1,3
2075,刘若英,2,3
2076,王宝强,8,3
2077,尤勇,2,3
2078,冯远征,3,3
2079,凯瑟琳・泽塔-琼斯,1,3
2080,齐・麦克布赖德,2,3
2081,迭戈・卢纳,1,3
2082,巴里・沙巴卡・亨利,1,3
2083,库玛・帕拉纳,1,3
2084,EddieJones,1,3
2085,科瑞・雷诺兹,1,3
2086,古列雷莫・迪亚兹,1,3
2087,RiniBell,1,3
2088,瓦列里・尼古拉耶夫,1,3
2089,迈克尔・诺里,1,3
2090,佟大为,4,3
2091,松隆子,2,3
2092,冈田将生,1,3
2093,木村佳乃,1,3
2094,西井幸人,1,3
2095,桥本爱,1,3
2096,芦田爱菜,2,3
2097,三吉彩花,1,3
2098,藤原薰,1,3
2099,井之胁海,1,3
2100,清水尚弥,1,3
2101,高桥努,1,3
2102,一井直树,1,3
2103,能年玲奈,1,3
2104,新井浩文,1,3
2105,野本萤,1,3
2106,任素汐,1,3
2107,大力,1,3
2108,刘帅良,1,3
2109,裴魁山,1,3
2110,阿如那,1,3
2111,韩彦博,1,3
2112,卜冠今,1,3
2113,王,1,3
2114,高阳,1,3
2115,苏千越,1,3
2116,查尔斯・亚瑟,1,3
2117,王峰,1,3
2118,上白石萌音,1,3
2119,长泽雅美,1,3
2120,市原悦子,1,3
2121,成田凌,1,3
2122,悠木碧,1,3
2123,岛崎信长,1,3
2124,石川界人,1,3
2125,谷花音,1,3
2126,张磊,1,3
2127,林子杰,1,3
2128,吴文伦,1,3
2129,童自荣,1,3
2130,刘九容,1,3
2131,吴迪,1,3
2132,刘北辰,1,3
2133,赵乾景,1,3
2134,周帅,1,3
2135,蒂莫西・斯波,2,3
2136,詹妮弗・艾莉,1,3
2137,德里克・雅各比,2,3
2138,安东尼・安德鲁斯,1,3
2139,克莱尔・布鲁姆,1,3
2140,高圆圆,4,3
2141,尹子维,3,3
2142,李施,1,3
2143,贾晓晨,2,3
2144,文斯・沃恩,3,3
2145,卢克・布雷西,1,3
2146,泰莉莎・帕尔墨,1,3
2147,瑞切尔・格里菲斯,1,3
2148,纳撒尼尔・布佐尼克,1,3
2149,理查德・劳斯伯格,1,3
2150,马特・纳夫莱,1,3
2151,费拉斯・迪拉尼,1,3
2152,瑞安・柯尔,1,3
2153,卢克・佩格勒,1,3
2154,香川照之,3,3
2155,袁丁,1,3
2156,姜宏波,2,3
2157,陈强,1,3
2158,丛志军,1,3
2159,喜子,1,3
2160,李海滨,1,3
2161,泽田谦也,2,3
2162,蔡卫东,1,3
2163,陈莲梅,1,3
2164,宫路佳具,1,3
2165,|冈润一,2,3
2166,杰西・艾森伯格,4,3
2167,伍迪・哈里森,5,3
2168,戴夫・弗兰科,1,3
2169,梅拉尼・罗兰,2,3
2170,迈克尔・凯利,1,3
2171,维特维斯特・海伦亚沃恩酷,1,3
2172,马里奥・毛瑞尔,2,3
2173,赖拉・邦雅淑,1,3
2174,坎雅・拉坦娜佩琦,1,3
2175,辛扎伊・本班尼,1,3
2176,松希・努诺卡空希,1,3
2177,姘潘・布拉娜嫔,1,3
2178,吉拉育・拉翁马尼,1,3
2179,阿缇・尼永库,1,3
2180,查妮达・彭西皮帕特,1,3
2181,孙红雷,2,3
2182,姚晨,5,3
2183,安以轩,1,3
2184,邬逸聪,2,3
2185,关晓彤,2,3
2186,窦文涛,1,3
2187,赵宝刚,2,3
2188,乐嘉,1,3
2189,王希维,1,3
2190,孙艺珍,1,3
2191,曹承佑,1,3
2192,赵寅成,1,3
2193,李己雨,1,3
2194,金秉玉,2,3
2195,徐英姬,1,3
2196,罗素・克劳,3,3
2197,乔什・卢卡斯,1,3
2198,陶慧,1,3
2199,岳小军,2,3
2200,沈腾,3,3
2201,张俪,1,3
2202,马苏,2,3
2203,刘美含,1,3
2204,王砚辉,2,3
2205,郭涛,8,3
2206,熊乃瑾,1,3
2207,夏雨,4,3
2208,雷佳音,2,3
2209,雍梦婷,1,3
2210,梁浩,1,3
2211,本木雅弘,1,3
2212,广末凉子,2,3
2213,山崎努,1,3
2214,吉行和子,2,3
2215,G野高史,1,3
2216,余贵美子,1,3
2217,奥莉维亚・威廉姆斯,1,3
2218,唐尼・沃尔伯格,1,3
2219,特拉沃・摩根,1,3
2220,彼得・安东尼・唐伯蒂斯,1,3
2221,格伦・菲茨杰拉德,1,3
2222,米莎・巴顿,1,3
2223,LisaSummerour,1,3
2224,FirdousBamji,1,3
2225,杰弗里・泽布尼斯,1,3
2226,郝蕾,2,3
2227,张国强,4,3
2228,朱子墨,1,3
2229,李一情,1,3
2230,陈莹,1,3
2231,黄建新,2,3
2232,吉约姆・卡内,1,3
2233,蒂博?费尔哈格,1,3
2234,约瑟芬・勒巴-乔利,1,3
2235,艾曼妞・格伦沃尔德,1,3
2236,杰拉德・沃特金斯,1,3
2237,吉尔・勒卢什,1,3
2238,朱莉娅・福雷,1,3
2239,La?tiziaVeneziaTarnowska,1,3
2240,艾乐蒂・纳瓦,1,3
2241,NathalieNattier,1,3
2242,RobertWillar,1,3
2243,FrédéricGeerts,1,3
2244,ManuelaSanchez,1,3
2245,PhilippeDrecq,1,3
2246,比利・克里斯托,2,3
2247,玛丽・吉布斯,1,3
2248,詹姆斯・柯本,1,3
2249,詹妮弗・提莉,1,3
2250,弗兰克・奥兹,2,3
2251,丹尼尔・吉尔森,2,3
2252,邦尼・亨特,3,3
2253,杰克・安琪,1,3
2254,SamuelLordBlack,1,3
2255,SteveSusskind,1,3
2256,劳拉・哈灵,1,3
2257,安・米勒,1,3
2258,贾斯汀・塞洛克斯,1,3
2259,斯科特・科菲,1,3
2260,梅利莎・乔治,2,3
2261,布兰特・布里斯科,1,3
2262,罗伯特・福斯特,1,3
2263,凯瑟琳・汤,1,3
2264,李・格兰特,1,3
2265,比利・雷・赛勒斯,1,3
2266,查德・艾微特,1,3
2267,丽塔・塔格特,1,3
2268,洛里・海瑞,1,3
2269,安琪洛・巴达拉曼提,1,3
2270,迈克尔・德・巴雷斯,1,3
2271,马库斯・格雷厄姆,1,3
2272,丹・哈达亚,1,3
2273,马克・佩雷格里诺,1,3
2274,蒙蒂・蒙特格美里,1,3
2275,迈克尔・J・安德森,1,3
2276,查理・汉纳姆,1,3
2277,菊地凛子,1,3
2278,查理・戴,2,3
2279,朗・普尔曼,2,3
2280,伯恩・戈曼,2,3
2281,小克利夫顿・克林斯,1,3
2282,迪亚哥・克莱特霍夫,1,3
2283,希瑟・多克森,1,3
2284,罗伯特・梅耶,1,3
2285,赵丽颖,1,3
2286,董子健,1,3
2287,易小星,1,3
2288,张本煜,1,3
2289,李荣浩,1,3
2290,李淳,2,3
2291,孙伊涵,1,3
2292,熊黎,1,3
2293,李春嫒,1,3
2294,潘米,1,3
2295,小马达,1,3
2296,金毛期期,1,3
2297,孙启恒,1,3
2298,孙强,1,3
2299,彭菲茗,1,3
2300,贾川西,1,3
2301,张国庆,1,3
2302,程诚,1,3
2303,白珞力,1,3
2304,方励,2,3
2305,郭佳杰,1,3
2306,冷海鸣,1,3
2307,伊恩・麦克莱恩,12,2
2308,帕特里克・斯图尔特,5,3
2309,安娜・帕奎因,4,3
2310,彼特・丁拉基,2,3
2311,肖恩・阿什莫,2,3
2312,波波・斯图尔特,1,3
2313,阿丹・坎托,1,3
2314,斯科特・安第斯,1,3
2315,瑞恩・波特,1,3
2316,丹尼尔・海尼,2,3
2317,杰米・钟,1,3
2318,小达蒙・韦恩斯,1,3
2319,珍尼希斯・罗德里格兹,1,3
2320,詹姆斯・克伦威尔,2,3
2321,艾伦・图代克,5,3
2322,玛娅・鲁道夫,2,3
2323,亚布拉哈姆・本鲁比,1,3
2324,凯蒂・洛斯,2,3
2325,比利・布什,1,3
2326,保罗・布里格斯,1,3
2327,连晋,1,3
2328,琳达・卡德里尼,1,3
2329,格拉汉姆・贝克尔,1,3
2330,斯科特・迈克尔・坎贝尔,1,3
2331,大卫・哈伯,1,3
2332,RobertaMaxwell,1,3
2333,皮特・麦克罗比,1,3
2334,大卫・鲍伊,1,3
2335,西恩・奥斯汀,4,3
2336,维果・莫腾森,3,3
2337,凯特・布兰切特,7,3
2338,克里斯托弗・李,9,3
2339,丽芙・泰勒,3,3
2340,伊安・霍姆,7,3
2341,多米尼克・莫纳汉,3,3
2342,萨拉・贝克,1,3
2343,约翰・瑞斯-戴维斯,3,3
2344,安东内拉・阿蒂利,1,3
2345,恩佐・卡拉瓦勒,1,3
2346,艾萨・丹尼埃利,1,3
2347,里奥・故罗塔,1,3
2348,马克・莱昂纳蒂,1,3
2349,普佩拉・玛奇奥,1,3
2350,阿格妮丝・那诺,1,3
2351,莱奥波多・特里耶斯泰,1,3
2352,萨瓦特利・卡西欧,1,3
2353,塔诺・希玛罗萨,1,3
2354,尼古拉・迪・平托,1,3
2355,RobertaLena,1,3
2356,尼诺・戴罗佐,1,3
2357,雅克・贝汉,1,3
2358,布丽吉特・佛西,1,3
2359,菲利普・努瓦雷,1,3
2360,乔治・克鲁尼,2,3
2361,安娜・肯德里克,2,3
2362,杰森・贝特曼,4,3
2363,AmyMorton,1,3
2364,扎克・加利凡纳基斯,4,3
2365,柳承龙,1,3
2366,朴信惠,1,3
2367,郑镇荣,1,3
2368,金正泰,1,3
2369,吴达洙,3,3
2370,朴元尚,1,3
2371,郑满植,1,3
2372,葛素媛,1,3
2373,达科塔・高尤,1,3
2374,凯文・杜兰,1,3
2375,奥嘉・方达,1,3
2376,肥龙,1,3
2377,王祖贤,4,3
2378,午马,2,3
2379,刘兆铭,1,3
2380,薛芷伦,1,3
2381,胡大为,1,3
2382,雷・罗马诺,3,3
2383,约翰・雷吉扎莫,4,3
2384,西恩・威廉・斯科特,2,3
2385,乔希・佩克,1,3
2386,奎恩・拉提法,1,3
2387,杰・雷诺,1,3
2388,克里斯・韦奇,2,3
2389,彼得・阿克曼,1,3
2390,约瑟夫・博洛尼亚,1,3
2391,彼得・德塞夫,1,3
2392,徐若u,2,3
2393,胡可,1,3
2394,巩新亮,1,3
2395,车晓,1,3
2396,罗海琼,2,3
2397,何佳怡,1,3
2398,李琳,1,3
2399,宋慧乔,1,3
2400,赵本山,1,3
2401,小沈阳,3,3
2402,王庆祥,2,3
2403,张晋,1,3
2404,卢海鹏,2,3
2405,冯克安,2,3
2406,刘家勇,1,3
2407,张智霖,1,3
2408,尚铁龙,1,3
2409,罗莽,1,3
2410,MaileFlanagan,1,3
2411,JasonFricchione,1,3
2412,帕特里克・斯威兹,1,3
2413,黛米・摩尔,1,3
2414,托尼・戈德温,1,3
2415,乌比・戈德堡,2,3
2416,阿部宽,1,3
2417,木村多江,1,3
2418,大森南朋,1,3
2419,吉冈秀隆,1,3
2420,乔什・哈奈特,1,3
2421,凯特・贝金赛尔,1,3
2422,小库珀・古丁,1,3
2423,迈克尔・珊农,2,3
2424,杰米・金,1,3
2425,多姆纳尔・格里森,4,3
2426,克蕾曼丝・波西,1,3
2427,海伦・麦克洛瑞,3,3
2428,马修・刘易斯,1,3
2429,克里斯汀・贝尔,2,3
2430,伊迪娜・门泽尔,1,3
2431,乔纳森・格罗夫,1,3
2432,圣蒂诺・方塔纳,1,3
2433,克里斯・威廉姆斯,1,3
2434,斯蒂芬・安德森,1,3
2435,伊迪・迈克莱尔,1,3
2436,罗伯特・派恩,1,3
2437,莫里斯・拉马奇,2,3
2438,安努舒卡・莎玛,1,3
2439,桑杰・达特,1,3
2440,沙鲁巴・舒克拉,2,3
2441,苏尚特・辛格・拉吉普特,1,3
2442,帕里卡沙特.萨赫尼,1,3
2443,阿马尔迪普・杰哈,1,3
2444,瑞玛・德纳斯,1,3
2445,迪伦德拉・德维韦迪,1,3
2446,赛・甘德沃尔,1,3
2447,拉姆・P・塞蒂,1,3
2448,安吉丽娜・朱莉,6,3
2449,亚当・布罗迪,1,3
2450,克里斯・韦兹,1,3
2451,RachaelHuntley,1,3
2452,斯蒂芬妮・玛奇,1,3
2453,詹妮弗・莫里森,1,3
2454,TheresaBarrera,1,3
2455,佩瑞・里维斯,1,3
2456,MelanieTolbert,1,3
2457,杰瑞・T・亚当斯,1,3
2458,阿米・汉莫,1,3
2459,乔什・平茨,3,3
2460,艾比・森哈,1,3
2461,布兰达・宋,1,3
2462,达科塔・约翰逊,1,3
2463,艾伦・索金,1,3
2464,艾玛・菲茨帕特里克,1,3
2465,玛莱斯・裘,1,3
2466,马克・索尔,1,3
2467,达斯汀・菲兹莫斯,1,3
2468,帕特里克・马佩尔,1,3
2469,中谷美纪,1,3
2470,瑛太,1,3
2471,市川实日子,1,3
2472,伊势谷友介,1,3
2473,柄本明,1,3
2474,黑泽明日香,1,3
2475,荒川良良,1,3
2476,土屋安娜,1,3
2477,奥之矢佳奈,1,3
2478,谷原章介,1,3
2479,武田真治,1,3
2480,片平渚,1,3
2481,宫藤官九郎,1,3
2482,角野卓造,1,3
2483,木村KAELA,1,3
2484,谷中敦,1,3
2485,剧团一人,1,3
2486,牛,2,3
2487,张璐,1,3
2488,董飞,1,3
2489,刘天池,1,3
2490,董立范,1,3
2491,黄宗洛,1,3
2492,刘燕瑾,1,3
2493,杨同顺,1,3
2494,杨采妮,4,3
2495,杨紫琼,3,3
2496,成龙,9,3
2497,塞斯・罗根,3,3
2498,达斯汀・霍夫曼,6,3
2499,尚格・云顿,2,3
2500,丹尼斯・海斯伯特,1,3
2501,倪景阳,1,3
2502,元秋,1,3
2503,元华,1,3
2504,黄圣依,2,3
2505,梁小龙,1,3
2506,董志华,1,3
2507,陈凯师,1,3
2508,贾康熙,1,3
2509,任珈锐,1,3
2510,王仕颖,1,3
2511,朱诺・坦普尔,2,3
2512,丹尼尔・逊亚塔,1,3
2513,乔伊・金,1,3
2514,艾丹・吉伦,1,3
2515,乔什・斯图沃特,3,3
2516,马修・莫迪恩,1,3
2517,本・门德尔森,1,3
2518,科洛・莫瑞兹,3,3
2519,克里斯托夫・梅兹-普莱瑟,3,3
2520,琳德西・冯塞卡,1,3
2521,黛博拉・特维斯,1,3
2522,GarrettM.Brown,1,3
2523,苏菲・吴,1,3
2524,布莱德利・库珀,5,3
2525,凯文・康诺利,2,3
2526,德鲁・巴里摩尔,3,3
2527,贾斯汀・朗,1,3
2528,金妮弗・古德温,2,3
2529,高旗,1,3
2530,吴超,1,3
2531,高亚麟,1,3
2532,涂松岩,1,3
2533,伍仕贤,1,3
2534,李丽虹,1,3
2535,葛存壮,1,3
2536,杰伊・巴鲁切尔,2,3
2537,克雷格・费格森,2,3
2538,亚美莉卡・费雷拉,2,3
2539,罗宾・阿特金・唐斯,1,3
2540,菲利普・麦格雷德,2,3
2541,基隆・埃利奥特,2,3
2542,阿什利・詹森,1,3
2543,大卫・田纳特,1,3
2544,乔・潘托里亚诺,2,3
2545,小马克・布恩,1,3
2546,拉什・费加,1,3
2547,乔雅・福克斯,1,3
2548,哈里特・桑塞姆・哈里斯,1,3
2549,金伯利・坎贝尔,1,3
2550,玛丽安妮・穆勒雷尔,1,3
2551,拉里・霍尔登,1,3
2552,郑伊健,2,3
2553,陈逸宁,1,3
2554,田蕊妮,1,3
2555,王馨平,1,3
2556,王太利,2,3
2557,邵音音,1,3
2558,尹志文,1,3
2559,彭浩翔,1,3
2560,魏雨琦,1,3
2561,林兆霞,1,3
2562,曾恺t,1,3
2563,苏明明,1,3
2564,卡西・阿弗莱克,2,3
2565,科尔・豪瑟,1,3
2566,JohnMighton,1,3
2567,RachelMajorowski,1,3
2568,ColleenMcCauley,1,3
2569,MattMercier,1,3
2570,RalphSt.George,1,3
2571,RobLynds,1,3
2572,DanWashington,1,3
2573,AlisonFolland,1,3
2574,戴文・萨瓦,1,3
2575,艾丽・拉特,1,3
2576,科尔・史密斯,1,3
2577,克里森・克拉克,1,3
2578,丹尼尔・洛巴克,1,3
2579,罗杰・格午埃文・史密斯,1,3
2580,查德・多纳拉,1,3
2581,托尼・托德,3,3
2582,阿曼达・达特曼,1,3
2583,布兰登・费尔,1,3
2584,ForbesAngus,1,3
2585,LisaMarieCaruk,1,3
2586,克里斯汀・查特莱恩,1,3
2587,芭芭拉・泰森,1,3
2588,瑞恩・高斯林,2,3
2589,约翰・传奇,1,3
2590,罗丝玛丽・德薇特,1,3
2591,芬・维特洛克,1,3
2592,杰西卡・罗德,1,3
2593,水野索诺娅,2,3
2594,考莉・埃尔南德斯,1,3
2595,汤姆・艾弗瑞特・斯科特,1,3
2596,米根・费伊,1,3
2597,达蒙・冈普顿,1,3
2598,贾森・福克斯,1,3
2599,艾米・科恩,1,3
2600,特里・沃尔特斯,1,3
2601,汤姆・谢尔顿,1,3
2602,辛达・亚当斯,1,3
2603,克劳丁・克劳迪奥,1,3
2604,D・A・瓦拉赫,1,3
2605,特雷弗・里斯奥尔,1,3
2606,奥莉维亚・汉密尔顿,1,3
2607,安娜・查泽雷,1,3
2608,马里乌斯・代・弗里斯,1,3
2609,妮科尔・库隆,1,3
2610,迈尔斯・安德森,1,3
2611,约翰・辛德曼,1,3
2612,瓦拉里・雷・米勒,1,3
2613,基夫・范登・霍伊维尔,1,3
2614,佐伊・霍尔,1,3
2615,登普西・帕皮恩,1,3
2616,辛德拉・车,1,3
2617,米基・洛克,2,3
2618,山姆・洛克威尔,2,3
2619,秦昊,2,3
2620,喻恩泰,2,3
2621,王彦霖,1,3
2622,尹P,1,3
2623,李九霄,1,3
2624,张亦驰,1,3
2625,凌琳,1,3
2626,陈诺,1,3
2627,王紫璇,1,3
2628,唐佐辉,1,3
2629,陈卫,1,3
2630,李润,1,3
2631,杜淳,1,3
2632,闫妮,5,3
2633,霍思燕,1,3
2634,杜江,1,3
2635,王传君,1,3
2636,马晓伟,1,3
2637,吕行,1,3
2638,乔笑笑,1,3
2639,刘天阳,1,3
2640,赵海涛,1,3
2641,叶禾,1,3
2642,周敬峰,1,3
2643,杨露璐,1,3
2644,松峰莉璃,1,3
2645,松浦敬之,1,3
2646,平田康之,1,3
2647,张晓龙,1,3
2648,郭晓小,1,3
2649,小黑,1,3
2650,兰德尔・杜克・金,2,3
2651,艾德・赫尔姆斯,1,3
2652,贾斯汀・巴萨,1,3
2653,海瑟・格拉汉姆,1,3
2654,萨莎・巴瑞斯,1,3
2655,杰弗里・塔伯,1,3
2656,迈克・泰森,1,3
2657,约纳斯・阿姆斯特朗,1,3
2658,奇克・盖瑞,1,3
2659,弗朗茨・德拉姆,1,3
2660,德拉戈米尔・米希克,1,3
2661,夏洛特・莱利,1,3
2662,羽田正义,1,3
2663,特伦斯・梅纳德,1,3
2664,诺亚・泰勒,2,3
2665,玛德琳・曼托克,1,3
2666,谢霆锋,3,3
2667,井柏然,2,3
2668,付辛博,1,3
2669,蔡卓妍,3,3
2670,吕燕,1,3
2671,伊莎贝尔・卢卡斯,2,3
2672,安德莉亚・埃克特,1,3
2673,汉诺・波西尔,1,3
2674,KarlBruckschwaiger,1,3
2675,沙尔托・科普雷,1,3
2676,詹森・库伯,1,3
2677,娜塔莉・博尔特,1,3
2678,茜尔雯・斯特赖克,1,3
2679,威廉・艾伦・扬,1,3
2680,尼克・布雷克,1,3
2681,杰德・布罗菲,2,3
2682,路易斯・米纳尔,1,3
2683,瓦妮莎・海伍德,1,3
2684,玛丽安・胡曼,1,3
2685,维多利奥・莱奥纳迪,1,3
2686,曼德拉・加杜卡,1,3
2687,约翰・范・肖尔,1,3
2688,斯特拉・斯廷坎普,1,3
2689,戴维・詹姆斯,1,3
2690,肯尼思・恩科西,1,3
2691,蒂姆・戈登,1,3
2692,莫尔内・埃拉斯姆斯,1,3
2693,尤金・孔巴尼瓦,1,3
2694,赫棱基维・马德拉拉,1,3
2695,西雅邦加・拉德贝,1,3
2696,梅尔特・西贝尔哈亨,1,3
2697,安德勒・奥登达尔,1,3
2698,尼克・伯莱尼,1,3
2699,罗伯特・霍布斯,1,3
2700,桑德拉・布洛克,3,3
2701,奥托・伊格内修森,1,3
2702,法尔杜特・夏尔马,1,3
2703,艾米・沃伦,1,3
2704,巴舍尔・萨维奇,1,3
2705,亚历桑德罗・尼沃拉,1,3
2706,多米尼克・斯万,1,3
2707,尼克・卡索维茨,1,3
2708,哈威・普雷斯内尔,1,3
2709,罗伯特・维斯多姆,1,3
2710,赵牡丹,1,3
2711,詹姆斯・丹顿,1,3
2712,马特・罗斯,1,3
2713,克里斯・鲍尔,1,3
2714,MylesJeffrey,1,3
2715,DavidMcCurley,1,3
2716,汤米・弗拉纳根,1,3
2717,DanaSmith,1,3
2718,RomyWindsor,1,3
2719,保罗?希普,1,3
2720,柯克・鲍兹,1,3
2721,LaurenSinclair,1,3
2722,本・里德,1,3
2723,LisaBoyle,1,3
2724,LindaHoffman,1,3
2725,丹尼・马斯特森,1,3
2726,MichaelRocha,1,3
2727,加斯帕德・尤利尔,1,3
2728,欧嘉・柯瑞兰寇,1,3
2729,亚历山大・佩恩,1,3
2730,李昕,1,3
2731,伊里斯・麦康利,1,3
2732,莱拉・贝蒂,1,3
2733,塞瑞尔・戴思科斯,1,3
2734,布鲁诺・波达里德斯,1,3
2735,凤小岳,4,3
2736,李悦铭,2,3
2737,丁巧唯,2,3
2738,梅格・瑞恩,2,3
2739,丹尼斯・弗兰茨,1,3
2740,JoannaMerlin,1,3
2741,SarahDampf,1,3
2742,RhondaDotson,1,3
2743,NigelGibbs,1,3
2744,约翰・普奇,1,3
2745,LauriJohnson,1,3
2746,ChristianAubert,1,3
2747,杰・帕特森,1,3
2748,ShishirKurup,1,3
2749,马修・古迪,1,3
2750,罗里・金奈尔,2,3
2751,艾伦・里奇,2,3
2752,马修・比尔德,1,3
2753,詹姆斯・诺斯科特,1,3
2754,汤姆・古德曼-希尔,1,3
2755,史蒂芬・威丁顿,1,3
2756,伊兰・古德曼,1,3
2757,杰克・塔尔登,1,3
2758,埃里克斯・劳瑟,1,3
2759,杰克・巴农,1,3
2760,米拉・乔沃维奇,2,3
2761,克里斯・塔克,3,3
2762,卢克・贝里,1,3
2763,布里翁・詹姆斯,1,3
2764,汤米・利斯特,2,3
2765,李・伊万斯,1,3
2766,查理・科里德-米尔斯,1,3
2767,Tricky,1,3
2768,约翰・内威尔,1,3
2769,JohnBluthal,1,3
2770,克里斯托弗・法里班克,1,3
2771,KimChan,1,3
2772,阿尔・马修斯,1,3
2773,约翰・贝内特,1,3
2774,RichardLeaf,1,3
2775,朱莉・T.华莱士,1,3
2776,IvanHeng,1,3
2777,杨菲洋,1,3
2778,卢夫斯・塞维尔,1,3
2779,提摩西・道尔顿,1,3
2780,克里斯蒂安・德・西卡,1,3
2781,阿莱西奥・博尼,1,3
2782,丹尼尔・佩奇,1,3
2783,乔万尼・圭代利,1,3
2784,雷欧・波瓦,1,3
2785,马思纯,1,3
2786,李程彬,1,3
2787,李萍,2,3
2788,蔡纲,1,3
2789,蒙亭宜,1,3
2790,沙全泽,1,3
2791,姚欣言,1,3
2792,李昊芳,1,3
2793,蒋亭轩,1,3
2794,亨弗莱・鲍嘉,1,3
2795,英格丽・褒曼,1,3
2796,保罗・亨雷德,1,3
2797,克劳德・雷恩斯,1,3
2798,康拉德・韦特,1,3
2799,西德尼・格林斯垂特,1,3
2800,彼得・洛,1,3
2801,杜利・威尔逊,1,3
2802,乔治・洛佩兹,1,3
2803,罗德里戈・桑托罗,2,3
2804,凯特・德尔・卡斯蒂洛,1,3
2805,卡洛斯・庞丝,1,3
2806,BernardodePaula,1,3
2807,霍卫民,1,3
2808,王笑天,1,3
2809,罗芸,1,3
2810,杨瑜珍,1,3
2811,孙黎,1,3
2812,邵胜杰,1,3
2813,曹西安,1,3
2814,贾致钢,1,3
2815,朱自清,1,3
2816,王梓尘,1,3
2817,赵梓彤,1,3
2818,贾世忠,1,3
2819,袁满,1,3
2820,陈梅生,1,3
2821,张景素,1,3
2822,平坦,1,3
2823,金子,1,3
2824,张建军,1,3
2825,崔茜・尤玛,1,3
2826,保罗・怀特豪斯,1,3
2827,乔安娜・林莉,1,3
2828,理查德・E・格兰特,2,3
2829,迈克尔・高夫,1,3
2830,简・霍洛克斯,1,3
2831,恩・赖特尔,1,3
2832,丹尼・艾夫曼,1,3
2833,乔什・哈切森,2,3
2834,利亚姆・海姆斯沃斯,3,3
2835,伊丽莎白・班克斯,3,3
2836,山姆・克拉弗林,2,3
2837,吉娜・马隆,3,3
2838,林恩・科恩,1,3
2839,薇洛・西尔德斯,2,3
2840,蓝尼・克罗维兹,1,3
2841,阿兰・里奇森,1,3
2842,斯蒂芬妮・利・施朗德,1,3
2843,布鲁诺・冈恩,1,3
2844,查理兹・塞隆,4,3
2845,杰・海德,1,3
2846,埃迪・马森,2,3
2847,露易丝・布瑞丽,3,3
2848,阿曼达・阿宾顿,2,3
2849,乔纳森・阿里斯,1,3
2850,亚斯明・阿克拉姆,1,3
2851,大卫・内尔斯特,1,3
2852,蒂姆・麦克纳尼,1,3
2853,娜塔莎・奥基弗,1,3
2854,杰拉尔德・基德,1,3
2855,多米妮克・麦克艾丽戈特,1,3
2856,马特・贝里,1,3
2857,马尔科姆・斯图尔特,1,3
2858,罗宾・查克,1,3
2859,芙蕾达・平托,2,3
2860,泰勒・莱伯恩,2,3
2861,约翰・利特高,3,3
2862,卡琳・考诺娃,2,3
2863,理查德莱丁斯,2,3
2864,克里斯托弗・戈登,1,3
2865,德文・达尔顿,1,3
2866,杰・卡普托,1,3
2867,大卫・奥伊罗,1,3
2868,杰米・哈里斯,1,3
2869,保剑锋,1,3
2870,王栎鑫,1,3
2871,郭晓东,1,3
2872,李菁菁,1,3
2873,田雨橙,1,3
2874,张悦轩,1,3
2875,玛格特・罗比,2,3
2876,罗伯・莱纳,2,3
2877,乔・博恩瑟,1,3
2878,让・杜雅尔丹,1,3
2879,克里斯汀・米利欧缇,1,3
2880,卡塔莉娜・凯斯,1,3
2881,郭富城,4,3
2882,赵立新,4,3
2883,倪虹洁,2,3
2884,陈思诚,2,3
2885,周韦彤,1,3
2886,廖晓琴,1,3
2887,谭松韵,2,3
2888,丁子烁,1,3
2889,王子文,3,3
2890,柯蓝,1,3
2891,林永健,1,3
2892,乔振宇,1,3
2893,李倩,1,3
2894,麦克・梅尔斯,1,3
2895,艾迪・墨菲,2,3
2896,文森特・卡索,2,3
2897,皮特・丹尼斯,1,3
2898,克莱夫・皮尔斯,1,3
2899,吉姆・库宁斯,1,3
2900,鲍比・布洛克,1,3
2901,克里斯・米勒,1,3
2902,科迪・卡梅伦,1,3
2903,凯瑟琳・弗里曼,1,3
2904,迈克尔・葛拉索,1,3
2905,克里斯多夫・奈茨,1,3
2906,西蒙・J・史密斯,1,3
2907,李小璐,3,3
2908,乔任梁,1,3
2909,杨青,3,3
2910,赵英俊,2,3
2911,乔什・布洛林,2,3
2912,加瑞特・迪拉胡特,1,3
2913,泰丝・哈珀,1,3
2914,巴里・柯宾,1,3
2915,斯蒂芬・鲁特,2,3
2916,RodgerBoyce,1,3
2917,贝丝・格兰特,1,3
2918,KitGwin,1,3
2919,克里斯・普拉特,5,3
2920,戴夫・巴蒂斯塔,2,3
2921,李・佩斯,4,3
2922,迈克尔・鲁克,2,3
2923,凯伦・吉兰,2,3
2924,本尼西奥・德尔・托罗,2,3
2925,约翰・C・赖利,1,3
2926,劳拉・哈德克,1,3
2927,肖恩・古恩,2,3
2928,彼得・塞拉菲诺威茨,1,3
2929,埃米特・斯坎伦,1,3
2930,奥菲利亚・拉维邦德,1,3
2931,温特沃斯・米勒,1,3
2932,多米尼克・珀塞尔,1,3
2933,彼得・斯特曼,1,3
2934,阿莫里・诺拉斯科,1,3
2935,罗宾・汤尼,1,3
2936,马歇尔・奥尔曼,1,3
2937,韦德・威廉姆斯,1,3
2938,迈克尔・拉帕波特,1,3
2939,罗伯特・克耐普,1,3
2940,莎拉・韦恩・卡丽丝,1,3
2941,张孝全,1,3
2942,张书豪,1,3
2943,巴瑞・哈姆弗莱斯,1,3
2944,贝塔尼・维特莫尔,1,3
2945,吴兴国,1,3
2946,马精武,2,3
2947,瓦莱丽亚・戈利诺,1,3
2948,乌尔里希・穆埃,1,3
2949,马蒂娜・格德克,1,3
2950,塞巴斯蒂安・科赫,1,3
2951,乌尔里希・图库尔,1,3
2952,托马斯・蒂梅,1,3
2953,崔岷植,2,3
2954,阿马尔・维克德,1,3
2955,朱利安・林希德-图特,1,3
2956,安娜丽・提普顿,1,3
2957,詹・奥利弗・施罗德,1,3
2958,弗雷德里克・周,1,3
2959,克莱尔・陈,1,3
2960,塞德里克・舍瓦姆,1,3
2961,邵斯凡,1,3
2962,保罗・陈,1,3
2963,林ズ,1,3
2964,冯德伦,1,3
2965,高以翔,2,3
2966,沈畅,1,3
2967,张之亮,1,3
2968,郭在容,2,3
2969,方平,1,3
2970,安妮・班克罗夫特,1,3
2971,凯瑟琳・罗斯,1,3
2972,威廉・丹尼尔斯,1,3
2973,莫瑞・汉密尔顿,1,3
2974,伊莉莎白・威尔森,1,3
2975,巴可・亨利,1,3
2976,布莱恩・艾弗里,1,3
2977,沃尔特・布鲁克,1,3
2978,诺曼・费尔,1,3
2979,爱丽丝・格斯德丽,1,3
2980,马里恩・洛恩,1,3
2981,埃达・盖尔,1,3
2982,丹・史蒂文斯,1,3
2983,凯文・克莱恩,1,3
2984,古古・姆巴塔-劳,1,3
2985,奥德拉・麦克唐纳,1,3
2986,内森・麦克,1,3
2987,哈蒂・莫拉汉,1,3
2988,迈克尔・吉普森,1,3
2989,亨利・加勒特,1,3
2990,戴尔・布兰斯顿,1,3
2991,亚当・斯科特,1,3
2992,雪莉・麦克雷恩,1,3
2993,西恩・潘,1,3
2994,凯瑟琳・哈恩,1,3
2995,泰伦斯・伯尼・海恩斯,1,3
2996,保罗・菲兹杰拉德,1,3
2997,格蕾丝・雷克斯,1,3
2998,乔恩・戴利,1,3
2999,乔伊・斯洛特尼克,1,3
3000,乔纳森・莱斯・梅耶斯,1,3
3001,弗莱迪・海默,2,3
3002,凯丽・拉塞尔,2,3
3003,泰伦斯・霍华德,3,3
3004,林志玲,2,3
3005,中村狮童,1,3
3006,宋佳,3,3
3007,臧金生,1,3
3008,巴森扎布,1,3
3009,侯勇,1,3
3010,法米克・詹森,4,3
3011,詹姆斯・麦斯登,3,3
3012,丽贝卡・罗梅恩,3,3
3013,胡凯莉,1,3
3014,亚伦・斯坦福,2,3
3015,奥黛丽・赫本,2,3
3016,乔治・佩帕德,1,3
3017,帕德里夏・妮尔,1,3
3018,巴迪・艾布森,1,3
3019,马丁・鲍尔萨姆,2,3
3020,吴京,1,3
3021,张翰,1,3
3022,卢靖姗,1,3
3023,丁海峰,1,3
3024,淳于珊珊,1,3
3025,于谦,1,3
3026,海蒂・玛尼梅可,1,3
3027,奥列格・亚历山大罗维奇,1,3
3028,阿隆・汤尼,1,3
3029,泰勒・哈里斯,1,3
3030,勃小龙,1,3
3031,宋洋,1,3
3032,黄觉,1,3
3033,麦迪娜,1,3
3034,张傲月,1,3
3035,马君,1,3
3036,陈观泰,1,3
3037,戴立忍,1,3
3038,裘继戎,1,3
3039,李博,1,3
3040,特伦斯・斯坦普,1,3
3041,科曼,1,3
3042,克里斯汀・哈格,1,3
3043,马克・沃伦,1,3
3044,大卫・奥哈拉,1,3
3045,康斯坦丁・哈宾斯基,1,3
3046,拿督赫塔泽,1,3
3047,LornaScott,1,3
3048,索菲娅・哈克,1,3
3049,佩曼・莫阿迪,1,3
3050,蕾拉・哈塔米,1,3
3051,萨瑞・巴亚特,1,3
3052,沙哈布・侯赛尼,1,3
3053,萨日娜・法哈蒂,1,3
3054,梅里拉・扎雷伊,1,3
3055,阿里-阿萨哈・萨哈巴齐,1,3
3056,巴巴克・卡里米,1,3
3057,吉米娅・侯赛伊妮,1,3
3058,希尔・亚齐丹巴克什,1,3
3059,萨哈巴努・佐哈多,1,3
3060,阿尔弗雷德・莫里纳,3,3
3061,唐纳・墨菲,1,3
3062,丹尼尔・吉里斯,1,3
3063,迪伦・贝克,1,3
3064,范妮莎・费丽托,1,3
3065,阿西夫・曼德维,1,3
3066,泰德・雷米,1,3
3067,王紫逸,2,3
3068,戎祥,1,3
3069,陆剑明,1,3
3070,江道海,1,3
3071,李治廷,3,3
3072,文咏珊,1,3
3073,杨v宁,1,3
3074,张国柱,1,3
3075,吴樾,1,3
3076,周笔畅,1,3
3077,林文龙,1,3
3078,三船敏郎,1,3
3079,千秋实,1,3
3080,京町子,1,3
3081,森雅之,1,3
3082,志村乔,1,3
3083,濮存昕,1,3
3084,蔡国庆,1,3
3085,李丹阳,1,3
3086,陶泽如,1,3
3087,李建华,1,3
3088,胡泽涛,1,3
3089,郭永章,1,3
3090,陆川,1,3
3091,诺拉・琼斯,2,3
3092,蕾切尔・薇兹,1,3
3093,KatyaBlumenberg,1,3
3094,ChadR.Davis,1,3
3095,DemetriusButler,1,3
3096,猫女魔力,1,3
3097,本杰明・凯恩,1,3
3098,林原惠美,1,3
3099,古谷彻,1,3
3100,江守彻,1,3
3101,山寺宏一,1,3
3102,堀胜之v,1,3
3103,岩田光央,1,3
3104,田中秀幸,1,3
3105,杰克・尼科尔森,3,3
3106,西恩・海耶斯,2,3
3107,贝弗利・陶德,1,3
3108,罗伯・莫洛,2,3
3109,AlfonsoFreeman,1,3
3110,VerdaBridges,1,3
3111,伊恩・安东尼・代尔,1,3
3112,乔恩・哈姆,1,3
3113,史蒂夫・库根,2,3
3114,珍妮弗・桑德斯,1,3
3115,凯蒂・米克松,1,3
3116,迈克尔・贝亚蒂,1,3
3117,真田广之,1,3
3118,大卫・罗森鲍姆,1,3
3119,亚历克斯・道丁,1,3
3120,保罗・索恩利,1,3
3121,马可・贾利尼,1,3
3122,卡夏・斯穆特尼亚克,1,3
3123,爱德华多・莱奥,1,3
3124,阿尔巴・罗尔瓦凯尔,1,3
3125,瓦莱里奥・马斯坦德雷亚,1,3
3126,安娜・福列塔,1,3
3127,朱塞佩・巴蒂斯通,1,3
3128,约翰尼・诺克斯维尔,1,3
3129,罗莎里奥・道森,1,3
3130,雷普・汤恩,2,3
3131,拉腊・弗林・鲍尔,1,3
3132,帕特里克・沃伯顿,1,3
3133,迈克尔・杰克逊,1,3
3134,车太贤,3,3
3135,高昌锡,1,3
3136,张荣男,1,3
3137,姜艺媛,1,3
3138,千宝根,1,3
3139,李文秀,1,3
3140,埃米尔・赫施,1,3
3141,布莱恩・H.德里克,1,3
3142,克里斯汀・斯图尔特,4,3
3143,哈尔・霍尔布鲁克,1,3
3144,JimGallien,1,3
3145,JamesONeill,1,3
3146,MalindaMcCollum,1,3
3147,PaulKnauls,1,3
3148,CraigMutsch,1,3
3149,安德鲁・埃布尔森,1,3
3150,吉迪恩・埃默里,1,3
3151,皮尔斯・加格农,1,3
3152,郎月婷,1,3
3153,黄文慧,1,3
3154,姜皓文,1,3
3155,任泉,1,3
3156,袁文康,1,3
3157,袁洪涛,1,3
3158,李乃文,1,3
3159,汤,1,3
3160,陈奕迅,1,3
3161,张榕容,1,3
3162,大鹏,5,3
3163,崔志佳,2,3
3164,贾玲,1,3
3165,欧弟,1,3
3166,纳豆,1,3
3167,柯佳,2,3
3168,喜翔,1,3
3169,曹可凡,2,3
3170,吴艺璇,1,3
3171,程媛媛,1,3
3172,山崎敬一,1,3
3173,孙淳,3,3
3174,傅亨,1,3
3175,王文,1,3
3176,布丽・拉尔森,1,3
3177,雅各布・特伦布莱,1,3
3178,肖恩・布里吉格斯,1,3
3179,威廉姆・H・梅西,1,3
3180,梅根・帕克,1,3
3181,阿曼达・布鲁盖尔,1,3
3182,乔・平格,1,3
3183,温迪・古逊,1,3
3184,兰道尔・爱德华,1,3
3185,杰克・富尔顿,1,3
3186,汤姆・麦卡穆斯,1,3
3187,佩拉・哈莉-贾德林,1,3
3188,克拉克・米德尔顿,2,3
3189,西尔维斯特・史泰龙,2,3
3190,杜夫・龙格尔,1,3
3191,兰迪・库卓,1,3
3192,大卫・札亚斯,1,3
3193,史蒂夫・奥斯汀,1,3
3194,吉瑟勒尔・伊迪斯,1,3
3195,查瑞丝玛・卡朋特,1,3
3196,盖瑞・丹尼尔斯,1,3
3197,泰瑞・克鲁斯,1,3
3198,黛西・雷德利,1,3
3199,约翰・博耶加,1,3
3200,哈里森・福特,1,3
3201,亚当・德赖弗,1,3
3202,马克・哈米尔,2,3
3203,凯丽・费雪,1,3
3204,露皮塔・尼永奥,2,3
3205,安东尼・丹尼尔斯,1,3
3206,彼德・梅犹,1,3
3207,比利・迪・威廉姆斯,1,3
3208,爱德华・斯皮伊尔斯,1,3
3209,马修・詹姆斯・托马斯,1,3
3210,肯尼・贝克,1,3
3211,格温多兰・克里斯蒂,1,3
3212,克里斯塔・克拉克,1,3
3213,匹普・安德森,1,3
3214,朴宝英,1,3
3215,王铉,1,3
3216,宋河波,1,3
3217,黄雨瑟惠,1,3
3218,椎名桔平,1,3
3219,户田惠子,2,3
3220,黑谷友香,1,3
3221,妮可・德波儿,1,3
3222,NickyGuadagni,1,3
3223,大卫・休莱特,1,3
3224,安德鲁・米勒,1,3
3225,毛里斯・迪恩・温特,1,3
3226,韦恩・罗布森,1,3
3227,妮可・基德曼,1,3
3228,菲奥纽拉・弗拉纳根,1,3
3229,克里斯托弗・埃克莱斯顿,2,3
3230,阿拉济纳・曼恩,1,3
3231,JamesBentley,1,3
3232,埃里克・赛克斯,1,3
3233,伊莲・卡西迪,1,3
3234,芮妮・阿萨岑,1,3
3235,GordonReid,1,3
3236,辰己努,1,3
3237,白石绫乃,1,3
3238,志乃原良子,1,3
3239,山口朱美,1,3
3240,端田宏三,1,3
3241,乔纳森・萨加尔,1,3
3242,马尔戈萨・格贝尔,1,3
3243,马克・伊瓦涅,1,3
3244,碧翠斯・马科拉,1,3
3245,安德烈・瑟韦林,1,3
3246,弗里德里希・冯・图恩,1,3
3247,克齐斯茨托夫・拉夫特,1,3
3248,诺伯特・魏塞尔,1,3
3249,阿萨・巴特菲尔德,2,3
3250,弗朗西斯・德・拉・图瓦,1,3
3251,马丁・斯科塞斯,1,3
3252,米拉・库尼斯,2,3
3253,芭芭拉・赫希,1,3
3254,本杰明・米派德,1,3
3255,克塞尼亚・索罗,1,3
3256,克里斯汀娜・安娜波,1,3
3257,詹妮特・蒙哥马利,1,3
3258,托比・海明威,1,3
3259,塞尔吉奥・托拉多,1,3
3260,马克・马戈利斯,1,3
3261,伊莱・罗斯,1,3
3262,蒂尔・施威格,1,3
3263,哥德昂・布克哈德,1,3
3264,雅基・伊多,1,3
3265,B・J・诺瓦克,1,3
3266,奥玛・杜姆,1,3
3267,奥古斯特・迪尔,1,3
3268,德尼・梅诺谢,1,3
3269,西尔维斯特・格罗特,1,3
3270,巴特尔,2,3
3271,李嘉欣,1,3
3272,吕中,3,3
3273,格伦・汉塞德,1,3
3274,玛可塔・伊尔格洛娃,1,3
3275,AlaistairFoley,1,3
3276,GeorgeHendrick,1,3
3277,HughWalsh,1,3
3278,埃迪・雷德梅恩,2,3
3279,凯瑟琳・沃特斯顿,1,3
3280,丹・福勒,1,3
3281,艾莉森・萨多尔,1,3
3282,萨曼莎・莫顿,1,3
3283,嘉玛・陈,1,3
3284,卡门・艾乔戈,1,3
3285,克里斯汀・马扎诺,1,3
3286,詹・穆瑞,1,3
3287,罗茜・汉丁顿-惠特莉,2,3
3288,凯文・杜恩,1,3
3289,帕特里克・德姆西,1,3
3290,本杰明・布拉特,2,3
3291,莫伊塞斯・阿里亚斯,1,3
3292,纳西姆・帕杜雷德,1,3
3293,克里斯汀・沙尔,1,3
3294,尼科莱・斯托伊洛夫,1,3
3295,瓦妮莎・贝尔,1,3
3296,马特・斯查尔兹,1,3
3297,乔昆姆・德・阿尔梅达,1,3
3298,迈克尔・埃尔比,1,3
3299,克里斯托弗・沃肯,2,3
3300,纳塔莉・贝伊,1,3
3301,詹姆斯・布洛林,1,3
3302,艾伦・旁派,1,3
3303,南希・利内翰,1,3
3304,弗兰克・约翰・休斯,1,3
3305,克里斯・埃里斯,1,3
3306,蔡志强,1,3
3307,许冠文,1,3
3308,陈宝国,2,3
3309,元彪,1,3
3310,余安安,1,3
3311,陈红,1,3
3312,陈燃,1,3
3313,张大礼,1,3
3314,马维福,1,3
3315,霍青,1,3
3316,吕颂贤,1,3
3317,高虎,2,3
3318,白柳汐,1,3
3319,杜志国,1,3
3320,艾米莉娅・福克斯,1,3
3321,米哈乌・热布罗夫斯基,1,3
3322,埃德・斯托帕德,1,3
3323,穆琳・利普曼,1,3
3324,弗兰克・芬莱,1,3
3325,邱莉娅蕾娜,1,3
3326,杰西卡・凯特・梅耶尔,1,3
3327,肯・斯托特,4,3
3328,格拉汉姆・麦克泰维什,3,3
3329,詹姆斯・内斯比特,3,3
3330,迪恩・奥戈曼,3,3
3331,艾丹・特纳,3,3
3332,西尔维斯特・迈可伊,2,3
3333,肖央,2,3
3334,韩秋池,1,3
3335,于蓓蓓,1,3
3336,张末,1,3
3337,颜隆,1,3
3338,宋金岳,1,3
3339,贺敬东,1,3
3340,李卫东,1,3
3341,刘若瑶,1,3
3342,张菁,1,3
3343,王昂,1,3
3344,薛萌,1,3
3345,杜鹏,1,3
3346,佟友琴,1,3
3347,郭广启,1,3
3348,郭一非,1,3
3349,踏西男孩,1,3
3350,陈慧琳,2,3
3351,萧亚轩,1,3
3352,热拉尔・朱尼奥,1,3
3353,让-巴蒂斯特・莫尼耶,1,3
3354,弗朗索瓦・贝莱昂,1,3
3355,凯德・麦拉德,1,3
3356,玛丽・布奈尔,1,3
3357,马科森斯・珀林,1,3
3358,让-保罗・博奈雷,1,3
3359,格雷戈里・加迪诺尔,1,3
3360,托马斯・布伦门塔尔,1,3
3361,CyrilBernicot,1,3
3362,SimonFargeot,1,3
3363,ThéoduleCarré-Cassaigne,1,3
3364,PhilippeduJanerand,1,3
3365,卡罗尔・韦斯,1,3
3366,ErickDesmarestz,1,3
3367,麦肯吉・弗依,2,3
3368,蒂莫西・柴勒梅德,1,3
3369,比尔・欧文,1,3
3370,托弗・戈瑞斯,1,3
3371,艾伦・伯斯汀,1,3
3372,科莱特・沃夫,1,3
3373,弗朗西斯・X・麦卡蒂,1,3
3374,安德鲁・博尔巴,1,3
3375,莱雅・卡里恩斯,1,3
3376,利亚姆・迪金森,1,3
3377,杰夫・赫普内尔,1,3
3378,伊莱耶斯・加贝尔,1,3
3379,芳妮・A・钱勃丝,1,3
3380,杰森・弗莱明,3,3
3381,大卫・詹森,1,3
3382,艾丽・范宁,1,3
3383,JoeannaSayler,1,3
3384,丹尼・文森,1,3
3385,塔拉吉・P・汉森,1,3
3386,马赫沙拉・阿里,1,3
3387,FionaHale,1,3
3388,DonnaDuplantier,1,3
3389,兰斯・E・尼克尔斯,1,3
3390,TedManson,1,3
3391,ClayCullen,1,3
3392,菲利斯・萨莫维尔,1,3
3393,麦迪逊・贝蒂,1,3
3394,汤姆・埃沃雷特,1,3
3395,ChristopherMaxwell,1,3
3396,伊利亚・沃里克,1,3
3397,戴夫・帕特尔,1,3
3398,理查・基尔,1,3
3399,萨拉・罗默尔,1,3
3400,罗比・萨布莱特,1,3
3401,艾瑞克・阿瓦利,1,3
3402,田川洋行,2,3
3403,杰森・亚历山大,1,3
3404,罗伯特・卡普荣,1,3
3405,斯蒂芬・瑞,2,3
3406,蒂姆・皮戈特-史密斯,1,3
3407,罗杰・阿拉姆,1,3
3408,本・迈尔斯,1,3
3409,西妮德・库萨克,1,3
3410,娜塔莎・怀特曼,1,3
3411,约翰・斯坦丁,1,3
3412,克里夫・阿什伯恩,1,3
3413,EmmaField-Rayner,1,3
3414,伊安・布尔费尔德,1,3
3415,MarkPhoenix,1,3
3416,AlisterMazzotti,1,3
3417,比莉・库克,1,3
3418,盖伊・亨利,1,3
3419,科斯马・肖,1,3
3420,MeganGay,1,3
3421,RodericCulver,1,3
3422,TaraHacking,1,3
3423,安迪・莱什利兹,1,3
3424,查德・史塔赫斯基,1,3
3425,布拉德利・斯蒂夫・福特,1,3
3426,MadeleineRakic-Platt,1,3
3427,塞丽娜・贾尔斯,1,3
3428,卡斯腾・海斯,1,3
3429,伊莫琴・普茨,1,3
3430,劳拉・格林伍德,1,3
3431,KyraMeyer,1,3
3432,玛丽・萧克莱,1,3
3433,理查德・莱恩,1,3
3434,MichaelSimkins,1,3
3435,劳拉・琳妮,2,3
3436,诺亚・艾默里奇,1,3
3437,娜塔莎・麦克艾霍恩,1,3
3438,阿什顿・库彻,1,3
3439,梅罗拉・沃特斯,1,3
3440,艾米・斯马特,1,3
3441,埃尔登・汉森,1,3
3442,威廉姆・李・斯科特,1,3
3443,约翰・帕特里克・阿梅多利,1,3
3444,艾琳・戈洛瓦娅,1,3
3445,凯文・G・施密特,1,3
3446,杰西・詹姆斯,1,3
3447,莎拉・威多斯,1,3
3448,杰克・凯斯,1,3
3449,卡梅隆・布莱特,1,3
3450,日高法子,1,3
3451,北林谷荣,1,3
3452,高木均,1,3
3453,中山美穗,1,3
3454,丰川悦司,1,3
3455,酒井美纪,1,3
3456,柏原崇,1,3
3457,范文雀,1,3
3458,S原胜之,1,3
3459,光石研,2,3
3460,小栗香织,1,3
3461,酒井敏也,1,3
3462,铃木庆一,1,3
3463,田口智朗,1,3
3464,神户浩,1,3
3465,加贺麻理子,1,3
3466,中村久美,1,3
3467,盐见三省,2,3
3468,铃木兰兰,1,3
3469,平采娜・乐维瑟派布恩,1,3
3470,苏达拉・布查蓬,1,3
3471,雅尼卡・桑普蕾舞,1,3
3472,诺特・阿查拉那・阿瑞亚卫考,1,3
3473,皮拉瓦特・赫拉巴特,1,3
3474,普特鹏・普罗萨卡・那・萨克那卡林,1,3
3475,华森・波克彭,1,3
3476,珍妮・斯蕾特,1,3
3477,内特・托伦斯,1,3
3478,唐・雷克,1,3
3479,汤米・钟,1,3
3480,夏奇拉,1,3
3481,雷蒙德・S・佩尔西,1,3
3482,德拉・萨巴,1,3
3483,菲尔・约翰斯顿,1,3
3484,约翰・迪・玛吉欧,2,3
3485,吉塔・雷迪,1,3
3486,杰西・科尔蒂,1,3
3487,瑞奇・摩尔,1,3
3488,凯特・索西,1,3
3489,彼得・曼斯布里奇,1,3
3490,拜伦・霍华德,1,3
3491,杰拉德・布什,1,3
3492,马克・史密斯,1,3
3493,乔西・特立尼达,1,3
3494,约翰・拉维尔,1,3
3495,吉尔・科德斯,1,3
3496,梅利莎・古德温,1,3
3497,范逸臣,1,3
3498,中孝介,1,3
3499,林宗仁,1,3
3500,马念先,1,3
3501,民雄,1,3
3502,安乙荞,1,3
3503,林晓培,1,3
3504,马如龙,2,3
3505,梁文音,1,3
3506,张心妍,1,3
3507,李佩甄,1,3
3508,沛小岚,1,3
3509,丹耐夫正若,1,3
3510,郭逸轩,1,3
3511,李募,1,3
3512,黄西田,1,3
3513,张魁,1,3
3514,赵舜,1,3
3515,郑志伟,1,3
3516,魏隽展,1,3
3517,杨淳翔,1,3
3518,杨淳言,1,3
3519,杨淳至,1,3
3520,吴朋奉,1,3
3521,祝福,1,3
3522,张琼雯,1,3
3523,陈慕义,1,3
3524,常陆师父,1,3
3525,姚思微,1,3
3526,黄兴全,1,3
3527,卢怡榕,1,3
3528,连馨,1,3
3529,刘雨柔,1,3
3530,林宜均,1,3
3531,杨欣佩,1,3
3532,王婷仪,1,3
3533,谭淑婷,1,3
3534,陈妍汝,1,3
3535,叶雅馨,1,3
3536,朱丁顺,1,3
3537,林聪辉,1,3
3538,曾吾吉,1,3
3539,林宏道,1,3
3540,陈源平,1,3
3541,许胜雄,1,3
3542,詹佑F,1,3
3543,王荣良,1,3
3544,陈亘,1,3
3545,魏庭芳,1,3
3546,李瑞珠,1,3
3547,许仁豪,1,3
3548,姚怡安,1,3
3549,何季珊,1,3
3550,林明远,1,3
3551,曾柏允,1,3
3552,陈致臻,1,3
3553,吴秋莲,1,3
3554,何冠谊,1,3
3555,高坤成,1,3
3556,北村丰晴,1,3
3557,关根直树,1,3
3558,高朊钭,1,3
3559,吴绣敏,1,3
3560,罗伯托・贝尼尼,1,3
3561,尼可莱塔・布拉斯基,1,3
3562,乔治・坎塔里尼,1,3
3563,朱斯蒂诺・杜拉诺,1,3
3564,赛尔乔・比尼・布斯特里克,1,3
3565,玛丽萨・帕雷德斯,1,3
3566,霍斯特・布赫霍尔茨,1,3
3567,利迪娅・阿方西,1,3
3568,朱利亚娜・洛约迪切,1,3
3569,亚美利哥・丰塔尼,1,3
3570,彼得・德・席尔瓦,1,3
3571,弗朗西斯・古佐,1,3
3572,拉法埃拉・莱博罗尼,1,3
3573,克劳迪奥・阿方西,1,3
3574,吉尔・巴罗尼,1,3
3575,马西莫・比安奇,1,3
3576,恩尼奥・孔萨尔维,1,3
3577,吉安卡尔洛・科森蒂诺,1,3
3578,阿伦・克雷格,1,3
3579,安德鲁・凯文・沃克,1,3
3580,约翰・卡西尼,1,3
3581,雷格・E.凯蒂,1,3
3582,李・厄米,1,3
3583,格利高里・派克,1,3
3584,埃迪・艾伯特,1,3
3585,哈特利・鲍尔,1,3
3586,哈考特・威廉姆斯,1,3
3587,杰夫・布里吉斯,2,3
3588,莱丝莉・比伯,1,3
3589,肖恩・托布,1,3
3590,志田未来,1,3
3591,三浦友和,1,3
3592,树木希林,1,3
3593,大竹忍,1,3
3594,竹下景子,1,3
3595,藤原龙也,1,3
3596,黄镫辉,1,3
3597,陈汉典,1,3
3598,席曼宁,1,3
3599,裴淳华,2,3
3600,尼尔・帕特里克・哈里斯,1,3
3601,凯莉・库恩,1,3
3602,泰勒・派瑞,1,3
3603,金・迪肯斯,1,3
3604,波伊德・霍布鲁克,2,3
3605,艾米丽・拉塔科斯基,1,3
3606,雪拉・渥德,2,3
3607,派屈克・福吉特,1,3
3608,斯科特・麦克纳里,2,3
3609,凯西・威尔逊,1,3
3610,李・诺里斯,1,3
3611,克里斯蒂安・史莱特,1,3
3612,安东尼奥・班德拉斯,1,3
3613,罗格・洛伊德-派克,1,3
3614,马塞尔・尤勒斯,1,3
3615,BellinaLogan,1,3
3616,苏珊・林奇,1,3
3617,安德鲁・蒂曼,1,3
3618,JohnMcConnell,1,3
3619,洛尔・玛尔萨克,1,3
3620,多美兹亚娜・佐丹奴,1,3
3621,杰伊・桑德斯,1,3
3622,奥斯汀・尼可斯,1,3
3623,阿尔杰・史密斯,1,3
3624,富田谭玲,1,3
3625,萨沙・罗伊茨,1,3
3626,肯尼斯・威尔什,1,3
3627,RobinWilcock,1,3
3628,JasonBlicker,1,3
3629,KennethMoskow,1,3
3630,TimHamaguchi,1,3
3631,格伦・普拉默,1,3
3632,艾德里安・莱斯特,1,3
3633,RichardMcMillan,1,3
3634,内斯特・塞拉诺,1,3
3635,克里斯・布里顿,1,3
3636,瓦拉斯塔・瓦拉纳,1,3
3637,PaulineLittle,1,3
3638,AlanFawcett,1,3
3639,HowardBilerman,1,3
3640,JohnMaclaren,1,3
3641,RichardZeman,1,3
3642,佩里・金,1,3
3643,弗兰克・方丹,1,3
3644,MimiKuzyk,1,3
3645,VitaliMakarov,1,3
3646,蒂姆・巴格莱,1,3
3647,查克・沙曼塔,1,3
3648,PhillipJarrett,1,3
3649,AyanaOShun,1,3
3650,TonyCalabretta,1,3
3651,薇安・温特,1,3
3652,希拉・麦卡锡,1,3
3653,TomRooney,1,3
3654,艾米・斯洛安,1,3
3655,MarylouBelugou,1,3
3656,KarenGlave,1,3
3657,克里斯蒂安・特西尔,1,3
3658,CarolineKeenan,1,3
3659,阿隆・鲁斯汀,1,3
3660,SamWoods,1,3
3661,JackLaufer,1,3
3662,LukeLetourneau,1,3
3663,AnneDay-Jones,1,3
3664,EmanuelHoss-Desmarais,1,3
3665,TerrySimpson,1,3
3666,JoséRamónRosario,1,3
3667,马丽,1,3
3668,尹正,1,3
3669,艾伦,1,3
3670,王智,1,3
3671,田雨,1,3
3672,宋阳,1,3
3673,常远,1,3
3674,李立群,1,3
3675,张一鸣,1,3
3676,常世奎,1,3
3677,斯派克・琼斯,1,3
3678,波茜娅・道布尔戴,1,3
3679,李思捷,1,3
3680,郑文辉,1,3
3681,托马斯・布罗迪-桑斯特,1,3
3682,克里斯・马歇尔,1,3
3683,罗温・艾金森,2,3
3684,比利・鲍伯・松顿,1,3
3685,玛汀・麦古基安,1,3
3686,安德鲁・林肯,1,3
3687,露西娅・莫尼斯,1,3
3688,海克・玛卡琪,1,3
3689,雷・利奥塔,1,3
3690,阿曼达・皮特,2,3
3691,佐伊・丹斯切尔,1,3
3692,吉奥弗瑞・阿伦德,1,3
3693,马修・格雷・古柏勒,1,3
3694,帕特里夏・贝尔彻,1,3
3695,瑞秋・波士顿,1,3
3696,敏卡・凯利,1,3
3697,CharlesWalker,1,3
3698,伊安・瑞德・科斯勒,1,3
3699,维勒特・罗德里格斯,1,3
3700,伊薇特・尼科尔・布朗,1,3
3701,NicoleVicius,1,3
3702,倪妮,2,3
3703,张歆怡,1,3
3704,黄天元,1,3
3705,韩熙庭,1,3
3706,张逗逗,1,3
3707,黄海波,1,3
3708,聂远,2,3
3709,李h敏,1,3
3710,白雪,1,3
3711,袁杨纯子,1,3
3712,孙佳,1,3
3713,朱良奇,1,3
3714,小林成男,1,3
3715,山中崇,1,3
3716,保罗・施耐德,1,3
3717,李纯,1,3
3718,顾璇,1,3
3719,周梦乔,1,3
3720,周羽,1,3
3721,邓莉,1,3
3722,苏小妹,1,3
3723,钱柳吟,1,3
3724,叶清源QingyuanYe,1,3
3725,戴瑶君,1,3
3726,沈俊然,1,3
3727,李楚楚,1,3
3728,金子欣,1,3
3729,李瑞琦,1,3
3730,谷艺璇,1,3
3731,许佳丽,1,3
3732,张照怡,1,3
3733,王靖雯,1,3
3734,谭逸敏,1,3
3735,赵伊聪,1,3
3736,来喜,1,3
3737,奇道,1,3
3738,王超北,1,3
3739,王羽铮,1,3
3740,李飞,1,3
3741,王聪,1,3
3742,项斌,1,3
3743,郭晓明,1,3
3744,涩谷天马,1,3
3745,刘晓庆,1,3
3746,颜卓灵,2,3
3747,曹操,1,3
3748,张东,1,3
3749,黄西,1,3
3750,僧格仁钦,1,3
3751,马库斯・钟,1,3
3752,朱利安・阿拉汗加,1,3
3753,马特・多兰,1,3
3754,克里斯托弗・洛伊德,1,3
3755,路易丝・弗莱彻,1,3
3756,特德・马克兰德,1,3
3757,布拉德・道里夫,2,3
3758,法缇玛・萨那・纱卡,1,3
3759,桑亚・玛荷塔,1,3
3760,阿帕尔夏克提・库拉那,1,3
3761,沙克希・坦沃,1,3
3762,泽伊拉・沃西姆,1,3
3763,苏哈妮・巴特纳格尔,1,3
3764,里特维克・萨霍里,1,3
3765,吉里什・库卡尼,1,3
3766,伊恩・麦柯肖恩,2,3
3767,迈克尔・多曼,1,3
3768,瑞秋・卡帕尼,1,3
3769,艾玛・朗,1,3
3770,亨利・尼克松,1,3
3771,约书亚・麦基弗,1,3
3772,孔侑,1,3
3773,郑有美,1,3
3774,马东锡,1,3
3775,金秀安,1,3
3776,金义城,1,3
3777,崔宇植,1,3
3778,安昭熙,1,3
3779,禹都临,1,3
3780,张家骏,1,3
3781,陆毅,2,3
3782,杨立新,2,3
3783,刘莉莉,2,3
3784,马秋子,1,3
3785,马修・麦克费登,1,3
3786,布兰达・布莱斯,2,3
3787,朱迪・丹奇,2,3
3788,西蒙・伍兹,1,3
3789,克劳迪・布莱克利,1,3
3790,鲁伯特・弗兰德,2,3
3791,皮普・托伦斯,1,3
3792,西妮德・马修斯,1,3
3793,艾伯特・布鲁克斯,2,3
3794,艾伦・德杰尼勒斯,1,3
3795,亚历山大・古尔德,1,3
3796,布拉德・加内特,2,3
3797,奥斯汀・潘德尔顿,1,3
3798,伊丽莎白・帕金斯,1,3
3799,高山南,1,3
3800,佐久间玲,1,3
3801,信泽三惠子,1,3
3802,麦斯・米科尔森,1,3
3803,斯科特・阿金斯,1,3
3804,莎拉・费希恩,1,3
3805,阿拉・萨菲,1,3
3806,麦考利・卡尔金,1,3
3807,丹尼尔・斯特恩,1,3
3808,约翰・赫德,1,3
3809,罗伯茨・布洛瑟姆,1,3
3810,凯瑟琳・欧哈拉,1,3
3811,安吉拉・戈塔尔斯,1,3
3812,佩内洛佩・克鲁斯,1,3
3813,阿斯特丽德・伯格斯-弗瑞斯贝,1,3
3814,凯斯・理查德兹,1,3
3815,米娅・华希科沃斯卡,1,3
3816,克里斯平・格洛弗,1,3
3817,马特・卢卡斯,1,3
3818,大卫・凯利,1,3
3819,詹姆斯・福克斯,1,3
3820,安娜索菲亚・罗伯,1,3
3821,亚当・戈德利,1,3
3822,FranziskaTroegner,1,3
3823,茱莉亚・温特,1,3
3824,乔丹・弗雷,1,3
3825,菲利普・韦格拉茨,1,3
3826,阿曼德拉・斯坦伯格,1,3
3827,亚历山大・路德韦格,1,3
3828,莱文・兰宾,1,3
3829,杰克・奎德,1,3
3830,刘昊然,1,3
3831,陈赫,3,3
3832,潘粤明,1,3
3833,马浴柯,1,3
3834,桑平,1,3
3835,陈祉希,1,3
3836,米兰达・奥图,2,3
3837,比利・博伊德,2,3
3838,张正阳,1,3
3839,亓亮,1,3
3840,赵雪莹,1,3
3841,马占林,1,3
3842,赵一穗,1,3
3843,菲尔・戴维斯,1,3
3844,钟绍图,1,3
3845,蔡颖恩,1,3
3846,夏萍,1,3
3847,许鞍华,1,3
3848,乔纳森・泰勒・托马斯,1,3
3849,马修・布罗德里克,1,3
3850,杰瑞米・艾恩斯,2,3
3851,詹姆斯・厄尔・琼斯,1,3
3852,莫伊拉・凯利,1,3
3853,内森・连恩,1,3
3854,尼基塔・卡兰姆,1,3
3855,埃林・萨贝拉,1,3
3856,李・斯特拉斯伯格,1,3
3857,迈克尔・V・格佐,1,3
3858,G・D・斯普拉德林,1,3
3859,加斯通・莫辛,1,3
3860,汤姆・罗斯奎,1,3
3861,布鲁诺・柯比,1,3
3862,弗兰克・西维罗,1,3
3863,弗朗西丝卡・德・萨维奥,1,3
3864,迈尔斯・特勒,1,3
3865,保罗・雷瑟,1,3
3866,梅莉莎・班诺伊,1,3
3867,奥斯汀・斯托维尔,1,3
3868,克里斯・马尔基,1,3
3869,马科斯・卡锡,1,3
3870,杰森・布莱尔,1,3
3871,科菲・斯里博伊,1,3
3872,萨曼莎・巴克斯,1,3
3873,艾伦・特维特,1,3
3874,康姆・威尔金森,1,3
3875,伊莎贝尔・艾伦,1,3
3876,丹尼尔・赫特斯通,1,3
3877,亚当・桑德勒,1,3
3878,罗伯・施奈德,1,3
3879,卢西亚・斯杜斯,1,3
3880,丹・艾克罗伊德,1,3
3881,艾米・希尔,1,3
3882,艾伦・卡瓦特,1,3
3883,布莱克・克拉克,1,3
3884,PomaikaiBrown,1,3
3885,JoeNakashima,1,3
3886,彼得・丹特,1,3
3887,DomMagwili,1,3
3888,JonathanLoughran,1,3
3889,琳恩・柯林斯,2,3
3890,杰姬・桑德勒,1,3
3891,凯文・詹姆斯,1,3
3892,克拉克・盖博,1,3
3893,费雯・丽,2,3
3894,莱斯利・霍华德,1,3
3895,奥利维娅・德・哈维兰,1,3
3896,托马斯・米切尔,1,3
3897,芭芭拉・欧内尔,1,3
3898,伊夫林・凯耶斯,1,3
3899,安・卢瑟福德,1,3
3900,乔治・里弗斯,1,3
3901,弗莱德・克莱恩,1,3
3902,海蒂・麦克丹尼尔斯,1,3
3903,奥斯卡・波尔克,1,3
3904,巴特弗莱・麦昆,1,3
3905,维克托・乔里,1,3
3906,埃弗雷特・布朗,1,3
3907,霍华德・C・希克曼,1,3
3908,艾丽西亚・瑞特,1,3
3909,兰德・布鲁克斯,1,3
3910,卡洛尔・奈,1,3
3911,劳拉・霍普・克鲁斯,1,3
3912,埃迪・安德森,1,3
3913,哈里・达文波特,1,3
3914,安志杰,2,3
3915,王敏德,3,3
3916,黄芝琪,1,3
3917,郑欣宜,1,3
3918,文峰,1,3
3919,何华超,1,3
3920,金仁文,1,3
3921,金太贤,1,3
3922,李武英,1,3
3923,任豪,1,3
3924,韩振熙,1,3
3925,金一宇,1,3
3926,徐东元,1,3
3927,宋玉淑,1,3
3928,杨金石,1,3
3929,玛姬・格蕾斯,1,3
3930,勒兰德・奥瑟,1,3
3931,强・格瑞斯,1,3
3932,大卫・沃肖夫斯基,1,3
3933,凯蒂・卡西迪,1,3
3934,科林・萨蒙,1,3
3935,埃里克・马比斯,1,3
3936,詹姆斯・鲍弗,1,3
3937,托尼・雷沃罗利,1,3
3938,爱德华・诺顿,2,3
3939,西尔莎・罗南,2,3
3940,詹森・舒瓦兹曼,1,3
3941,马修・阿马立克,1,3
3942,F・默里・亚伯拉罕,1,3
3943,哈威・凯特尔,1,3
3944,宁静,3,3
3945,耿乐,1,3
3946,斯琴高娃,1,3
3947,王朔,1,3
3948,尚楠,1,3
3949,方化,1,3
3950,代少波,1,3
3951,王海,1,3
3952,姚二嘎,1,3
3953,吴淑昆,1,3
3954,左小青,2,3
3955,詹妮特・海因,1,3
3956,苏珊娜・洛塔尔,1,3
3957,AlissaWilms,1,3
3958,弗罗里安・巴西奥罗麦,1,3
3959,弗里德里克・贝得勒支,1,3
3960,马蒂亚斯・哈比希,1,3
3961,FriederVenus,1,3
3962,Marie-AnneFliegel,1,3
3963,HendrikArnst,1,3
3964,RainerSellien,1,3
3965,托尔斯滕・米凯利斯,1,3
3966,MoritzGrove,1,3
3967,李宗翰,1,3
3968,田小洁,1,3
3969,高明,1,3
3970,亨利・卡维尔,1,3
3971,戴安・琳恩,2,3
3972,冈本多绪,1,3
3973,布兰登・斯平克,1,3
3974,劳伦・科汉,1,3
3975,菲利普・贝克・霍尔,1,3
3976,凯瑟琳・贝尔,1,3
3977,诺拉・邓恩,1,3
3978,武田铁矢,1,3
3979,伊万娜・巴克罗,1,3
3980,塞尔希・洛佩斯,1,3
3981,玛丽维尔・贝尔杜,1,3
3982,道格・琼斯,1,3
3983,阿里亚德娜・希尔,1,3
3984,田边诚一,1,3
3985,津田宽治,1,3
3986,市川染五郎,1,3
3987,藤井香织,1,3
3988,留美,1,3
3989,加藤和彦,1,3
3990,石井龙也,1,3
3991,松本纪保,1,3
3992,松本幸四郎,1,3
3993,于尔根・福格尔,1,3
3994,弗雷德里克・劳,1,3
3995,马克思・雷迈特,1,3
3996,詹妮弗・乌尔里希,1,3
3997,克里斯蒂安娜・保罗,1,3
3998,雅各布・马琛茨,1,3
3999,克里斯蒂娜・度・瑞格,1,3
4000,埃利亚斯・穆巴里克,1,3
4001,马克西米利安・福尔马尔,1,3
4002,马克斯・毛夫,1,3
4003,有村架纯,1,3
4004,伊藤淳史,1,3
4005,吉田羊,1,3
4006,田中哲司,1,3
4007,野村周平,1,3
4008,安田显,1,3
4009,阿部菜渚美,1,3
4010,中村靖日,1,3
4011,矢岛健一,1,3
4012,峰村理惠,1,3
4013,扎克瑞・莱维,1,3
4014,克里夫・罗素,1,3
4015,格拉汉姆・谢尔斯,1,3
4016,埃拉・科尔特兰,1,3
4017,帕特丽夏・阿奎特,1,3
4018,罗蕾莱・林克莱特,1,3
4019,史蒂芬・切斯特・普林斯,1,3
4020,利比・维拉利,1,3
4021,马可・佩雷拉,1,3
4022,杰米・霍华德,1,3
4023,谢恩・格雷厄姆,1,3
4024,苔丝・艾伦,1,3
4025,戴维・布莱克维尔,1,3
4026,塔玛拉・若兰恩,1,3
4027,埃薇・汤普森,1,3
4028,尼克・克劳斯,1,3
4029,梅根・迪瓦恩,1,3
4030,格雷格・巴利亚,1,3
4031,乔纳森・贝尔,1,3
4032,迪安娜・布罗尚,1,3
4033,安德里亚・陈,1,3
4034,佐伊・格瑞艾姆,1,3
4035,安德鲁・维拉利尔,1,3
4036,凯尔希・格兰莫,2,3
4037,罗伯特・肖恩・莱纳德,1,3
4038,乔西・查尔斯,1,3
4039,盖尔・汉森,1,3
4040,迪伦・库斯曼,1,3
4041,阿勒隆・鲁杰罗,1,3
4042,詹姆斯・沃特斯顿,1,3
4043,诺曼・劳埃德,1,3
4044,柯特伍德・史密斯,1,3
4045,卡拉・贝尔韦尔,1,3
4046,利昂・波纳尔,1,3
4047,乔・奥菲耶里,1,3
4048,马特・凯里,1,3
4049,瑞利・奥斯本,1,3
4050,巴德・库特,1,3
4051,杰奎・巴恩布鲁克,1,3
4052,马塞尔・布里奇斯,1,3
4053,杰菲・布莱尼恩,1,3
4054,温明娜,1,3
4055,米盖尔・弗尔,1,3
4056,德克斯特・弗莱彻,1,3
4057,尼克・莫兰,1,3
4058,斯蒂文・麦金托什,1,3
4059,斯汀,1,3
4060,维尼・琼斯,1,3
4061,冯文娟,1,3
4062,刘显达,1,3
4063,赵健,1,3
4064,吴嘉龙,1,3
4065,卢惠光,2,3
4066,柏华力・莫高彼斯彻,1,3
4067,维他亚・潘斯林加姆,1,3
4068,战立国,1,3
4069,石占杰,1,3
4070,伍麟凯,1,3
4071,Zobra,1,3
4072,魏蔓,1,3
4073,李佳璇,1,3
4074,郝文婷,1,3
4075,王笑龙,1,3
4076,任蕊,1,3
4077,BhubhingBhangsa-Ard,1,3
4078,AchayaVishwanathGovind,1,3
4079,NitidetCheryJunphli,1,3
4080,KeeraliSivakuae,1,3
4081,AlyaretJunamnoong,1,3
4082,VattcharachaiSunthomsin,1,3
4083,SarawutKumsorn,1,3
4084,NongmalBunchu,1,3
4085,SubashA,1,3
4086,LSundaramoorthy,1,3
4087,Itthiphon,1,3
4088,SamritWarin,1,3
4089,纳卡琳・加汉,1,3
4090,钟建龙,1,3
4091,张敏嘉,1,3
4092,陈沛兴,1,3
4093,林美芬,1,3
4094,詹姆斯・阿q邦德,1,3
4095,Amigo,1,3
4096,庞・克莱门捷夫,1,3
4097,克里斯・沙利文,1,3
4098,大卫・哈塞尔霍夫,1,3
4099,叶玉卿,1,3
4100,鲍起静,1,3
4101,苏瑾,1,3
4102,李华彤,1,3
4103,卢芳,1,3
4104,张永宁,1,3
4105,李爽,1,3
4106,李滨,2,3
4107,张少华,1,3
4108,赵敏芬,1,3
4109,罗伯特・帕丁森,2,3
4110,比利・伯克,1,3
4111,阿什丽・格林尼,2,3
4112,妮基・瑞德,2,3
4113,泰勒・洛特纳,2,3
4114,艾迪・盖瑟吉,2,3
4115,梁又琳,1,3
4116,仇政,1,3
4117,明金成,1,3
4118,林贤能,1,3
4119,黄江丰,1,3
4120,是元介,1,3
4121,姚元浩,1,3
4122,游智炜,1,3
4123,翁桂邦,1,3
4124,夏绍虞,1,3
4125,陈梦萱,1,3
4126,1976(乐团),1,3
4127,蕾切儿・哈伍德,1,3
4128,大卫・卡尔德,1,3
4129,比吉特・米尼希迈尔,1,3
4130,CarlosGramaje,1,3
4131,西恩・托马斯,1,3
4132,佩里・米尔沃德,1,3
4133,山姆・道格拉斯,1,3
4134,卡罗莉内・赫尔富特,1,3
4135,CarolinaVeraSquella,1,3
4136,莎拉・弗里斯蒂,1,3
4137,科琳娜・哈弗奇,1,3
4138,杰西卡・施瓦茨,1,3
4139,杰罗姆・威利斯,1,3
4140,马健,1,3
4141,邱林,1,3
4142,丹尼・格洛弗,1,3
4143,奥利弗・普莱特,3,3
4144,连姆・詹姆斯,1,3
4145,毕崔斯・罗森,1,3
4146,萝玛拉・嘉瑞,2,3
4147,JodieWhittaker,1,3
4148,水桥研二,1,3
4149,近藤好美,1,3
4150,尾上绫华,1,3
4151,花村怜美,1,3
4152,水野理纱,1,3
4153,塔伦・埃格顿,1,3
4154,索菲・库克森,1,3
4155,索菲亚・波多拉,1,3
4156,萨曼塔・沃马克,1,3
4157,汉娜・奥斯特罗姆,1,3
4158,约诺・戴维斯,1,3
4159,亚历克斯・尼科洛夫,1,3
4160,维利贝・托皮奇,1,3
4161,杰夫・贝尔,1,3
4162,艾德里安・奎因顿,1,3
4163,乔丹・朗,1,3
4164,西奥・巴克利姆比格斯,1,3
4165,摩根・华金斯,1,3
4166,拉尔夫・尹爱森,1,3
4167,爱德华・霍尔克罗夫特,1,3
4168,尼古拉斯・班克斯,1,3
4169,詹姆斯・加纳,1,3
4170,斯塔尔勒塔・杜波利斯,1,3
4171,希瑟・沃奎斯特,1,3
4172,杰弗里・奈特,1,3
4173,谢莉・杜瓦尔,1,3
4174,丹尼・劳埃德,1,3
4175,大卫・摩斯,2,3
4176,乔恩・塞达,1,3
4177,玛德琳・斯托,1,3
4178,JosephMelito,1,3
4179,MichaelChance,1,3
4180,VernonCampbell,1,3
4181,H.MichaelWalls,1,3
4182,BobAdrian,1,3
4183,西蒙・琼斯,1,3
4184,CarolFlorence,1,3
4185,BillRaymond,1,3
4186,ErnestAbuba,1,3
4187,IrmaSt.Paule,1,3
4188,JoeyPerillo,1,3
4189,BruceKirkpatrick,1,3
4190,柯克・埃斯沃多,1,3
4191,尼克・瑟斯顿,1,3
4192,乔恩・阿兹,1,3
4193,恩里克・穆西安诺,1,3
4194,拉勒米・道克・肖,1,3
4195,李・罗斯,1,3
4196,罗伯特・泰勒,1,3
4197,露塞尔・沃特森,1,3
4198,弗吉尼亚・菲尔德,1,3
4199,玛丽亚・彭斯卡娅,1,3
4200,列维・施瑞博尔,1,3
4201,丹尼・赫斯顿,2,3
4202,泰勒・克奇,1,3
4203,威廉姆・亚当斯,1,3
4204,布丽姬・穆娜,2,3
4205,AdrianRicard,1,3
4206,杰瑞・瓦塞尔曼,1,3
4207,FionaHogan,1,3
4208,PeterShinkoda,1,3
4209,叶夫盖尼・拉扎列夫,1,3
4210,伊默恩・沃克,1,3
4211,塔尼特・菲尼克斯,1,3
4212,艾米丽・芭尔多尼,1,3
4213,莫瑞・史特林,1,3
4214,尼古拉斯・布兰登,1,3
4215,劳伦・斯卡法莉娅,1,3
4216,伊丽莎白・格瑞斯,1,3
4217,雨果・阿姆斯特朗,1,3
4218,亚历克斯・马努吉安,1,3
4219,劳伦・马赫,1,3
4220,克拉拉・佩吉特,1,3
4221,金・柯尔德,1,3
4222,乔・塔斯利姆,1,3
4223,王丽坤,1,3
4224,汪铎,1,3
4225,胡静,1,3
4226,杨凯迪,1,3
4227,休・基斯-拜恩,1,3
4228,佐伊・克罗维兹,2,3
4229,丽莉・克亚芙,1,3
4230,阿比・丽,1,3
4231,考特尼・伊顿,1,3
4232,安格斯・桑普森,1,3
4233,理查德・卡特,1,3
4234,梅根・盖尔,1,3
4235,肖恩・哈普,1,3
4236,威尔・保尔特,1,3
4237,福勒斯特・古德勒克,1,3
4238,杜安・霍华德,1,3
4239,亚瑟・雷德克劳德,1,3
4240,梅劳・纳克霍克,1,3
4241,格蕾丝・德芙,1,3
4242,克里斯托弗・琼勒,1,3
4243,布莱登・佛雷切,1,3
4244,布拉德・卡特,1,3
4245,罗伯特・莫隆尼,1,3
4246,斯科特・奥林克,1,3
4247,马克・沃尔伯格,2,3
4248,妮可拉・佩尔茨,1,3
4249,杰克・莱诺,1,3
4250,提图斯・维里沃,1,3
4251,索非亚・迈尔斯,1,3
4252,彼特・库伦,1,3
4253,罗伯特・福克沃斯,1,3
4254,马克・瑞安,1,3
4255,弗兰克・维尔克,1,3
4256,雷诺・维尔森,1,3
4257,阿比盖尔・克莱恩,1,3
4258,巫刚,1,3
4259,吕良伟,1,3
4260,纪培慧,1,3
4261,邹市明,1,3
4262,布莱丝・达拉斯・霍华德,1,3
4263,文森特・多诺费奥,2,3
4264,尼克・罗宾森,1,3
4265,杰克・约翰逊,1,3
4266,劳伦・拉普库斯,1,3
4267,凯蒂・麦克格雷斯,1,3
4268,布莱恩・泰,1,3
4269,埃迪・J.费尔南德斯,1,3
4270,因德尔・库马尔,1,3
4271,安迪・巴克利,1,3
4272,吉米・法伦,1,3
4273,迈克尔・塞拉,1,3
4274,奥莉薇・瑟尔比,1,3
4275,雷恩・威尔森,1,3
4276,丹尼尔・克拉克,1,3
4277,艾米莉・帕金斯,1,3
4278,坎迪丝・阿科拉,1,3
4279,约翰・贝尔,1,3
4280,马努・贝内特,2,3
4281,约翰・凯伦,1,3
4282,瑞安・盖奇,1,3
4283,彼得・汉布尔顿,1,3
4284,斯蒂芬・亨特,1,3
4285,威廉・基尔舍,1,3
4286,米卡埃尔・佩斯布兰特,2,3
4287,李法曾,1,3
4288,高西安,1,3
4289,王德明,1,3
4290,李黎,1,3
4291,袁姗姗,1,3
4292,岳云鹏,2,3
4293,衣云鹤,1,3
4294,潘斌龙,1,3
4295,乔杉,1,3
4296,宋小宝,1,3
4297,刘晓光,1,3
4298,王小利,1,3
4299,胡海泉,1,3
4300,韩寒,1,3
4301,谢天华,1,3
4302,李媛,1,3
4303,刘芮麟,1,3
4304,李建义,1,3
4305,JohnChisholm,1,3
4306,Mandy-RaeCruikshank,1,3
4307,CharlesHambleton,1,3
4308,SimonHutchins,1,3
4309,KirkKrack,1,3
4310,RichardOBarry,1,3
4311,海顿・潘妮蒂尔,1,3
4312,路易・西霍尤斯,1,3
4313,玄彬,1,3
4314,金俊成,1,3
4315,詹姆斯・C・伯恩斯,1,3
4316,哈丽特・瓦尔特,1,3
4317,阿尔菲・艾伦,1,3
4318,彼得・怀特,1,3
4319,瓦妮莎・雷德格瑞夫,1,3
4320,姜惠贞,1,3
4321,刘智泰,1,3
4322,池大韩,1,3
4323,尹珍序,1,3
4324,吴光禄,1,3
4325,艾米・波勒,1,3
4326,菲利丝・史密斯,1,3
4327,理查德・坎德,1,3
4328,比尔・哈德尔,2,3
4329,刘易斯・布莱克,1,3
4330,凯特林・迪亚斯,1,3
4331,凯尔・麦克拉克伦,1,3
4332,波拉・庞德斯通,1,3
4333,鲍比・莫尼汉,2,3
4334,宝拉・佩尔,1,3
4335,大卫・戈尔兹,1,3
4336,弗利,1,3
4337,卡洛斯・阿拉斯拉奇,1,3
4338,皮特・萨加尔,1,3
4339,拉什达・琼斯,1,3
4340,罗里・艾伦,1,3
4341,约翰・齐甘,1,3
4342,雪莉・琳恩,1,3
4343,拉瑞恩・纽曼,1,3
4344,帕丽斯・冯・戴克,1,3
4345,仲里依纱,1,3
4346,石田卓也,1,3
4347,板仓光隆,1,3
4348,原沙知绘,1,3
4349,谷村美月,1,3
4350,垣内彩未,1,3
4351,关户优希,1,3
4352,伊能静,1,3
4353,车永莉,1,3
4354,沈星,1,3
4355,瞿颖,1,3
4356,阿兹・安萨里,1,3
4357,乔・贝哈,1,3
4358,克里斯托弗・坎贝尔,1,3
4359,阿兰・夏巴,1,3
4360,伊丝特尔・迪恩,1,3
4361,奥布里・葛莱汉姆,1,3
4362,杰森・弗里基奥内,1,3
4363,卡洛斯・萨尔达尼亚,1,3
4364,詹姆斯・柯登,1,3
4365,海莉・斯坦菲尔德,1,3
4366,亚当・莱文,1,3
4367,茅斯・达夫,1,3
4368,席洛・格林,1,3
4369,奈良柚莉爱,1,3
4370,长岛一茂,1,3
4371,天海v希,1,3
4372,土井洋辉,1,3
4373,奈良冈朋子,1,3
4374,王杰,1,3
4375,于荣光,2,3
4376,叶山豪,1,3
4377,蒋怡,1,3
4378,伍允龙,1,3
4379,克里斯托弗・海维尤,1,3
4380,斯科特・伊斯特伍德,1,3
4381,帕特里克・圣埃斯普利特,1,3
4382,黛博拉・卡拉・安格,1,3
4383,金・寇兹,1,3
4384,谭雅・艾伦,1,3
4385,艾丽丝・克里奇,1,3
4386,祖蒂・弗兰,1,3
4387,肖恩・康纳利,1,3
4388,约翰・斯宾塞,1,3
4389,迈克尔・比恩,1,3
4390,瓦内萨・马赛尔,1,3
4391,约翰・C・麦金雷,1,3
4392,博基姆・伍德拜因,1,3
4393,史蒂夫・哈里斯,1,3
4394,吉姆・卡维泽,1,3
4395,康妮・尼尔森,2,3
4396,萨伊德・塔格马奥,1,3
4397,尤金・布雷弗・洛克,1,3
4398,露茜・戴维斯,1,3
4399,埃伦娜・安纳亚,1,3
4400,莉莉・阿斯佩尔,1,3
4401,艾米丽・凯里,1,3
4402,丽莎・洛文・孔斯利,1,3
4403,安・奥戈博莫,1,3
4404,杜晨・科洛斯,1,3
4405,董勇,1,3
4406,甘婷婷,1,3
4407,单立文,1,3
4408,黄伟文,1,3
4409,张锦程,1,3
4410,黄浩然,1,3
4411,毛坚,1,3
4412,刘蓓,1,3
4413,何冰,1,3
4414,李琦,1,3
4415,叶京,1,3
4416,刘震云,1,3
4417,王小柱,1,3
4418,张秋芳,1,3
4419,孟赫,1,3
4420,马永玲,1,3
4421,孙桂田,1,3
4422,李伟健,1,3
4423,雷・帕克,1,3
4424,布鲁斯・戴维森,1,3
4425,塞思・麦克法兰,1,3
4426,乔尔・麦克哈尔,1,3
4427,北野武,1,3
4428,关口雄介,1,3
4429,岸本加世子,1,3
4430,グレ`トx太夫,1,3
4431,井手博士,1,3
4432,磨赤儿,1,3
4433,大家由v子,1,3
4434,细川典江,1,3
4435,今村鼠,1,3
4436,海伦・米伦,1,3
4437,彼得・孙,2,3
4438,乔尔・默里,1,3
4439,大卫・弗利,1,3
4440,内森・菲利安,1,3
4441,奥布瑞・普拉扎,1,3
4442,贝丝・比厄,1,3
4443,朱丽亚・斯维尼,1,3
4444,比利・康诺利,1,3
4445,金英爱,1,3
4446,郭度沅,1,3
4447,任时完,1,3
4448,阿莱克斯・费瑞斯,1,3
4449,艾利斯・霍华德,1,3
4450,米歇尔・诺尔顿,1,3
4451,布鲁克琳・普劳克斯,1,3
4452,朗・里维斯顿,1,3
4453,塔图姆・麦克凯恩,1,3
4454,达芙妮・基恩,1,3
4455,斯戴芬・莫昌特,1,3
4456,伊丽莎白・罗德里格斯,1,3
4457,多丽丝・莫尔加多,1,3
4458,玛丽・佩顿・斯图尔特,1,3
4459,伊利斯・尼尔,1,3
4460,艾瑞琪・拉・塞拉,1,3
4461,劳伦・格罗斯,1,3
4462,胡安・贾斯帕,1,3
4463,克日什托夫・索什斯基,1,3
4464,萨博・班克森,1,3
4465,詹纽瑞・琼斯,1,3
4466,凯文・贝肯,1,3
4467,亚历・冈萨雷斯,1,3
4468,雷・怀斯,1,3
4469,比尔・米尔纳,1,3
4470,卡赖伯・兰德里・琼斯,1,3
4471,罗根・马歇尔-格林,1,3
4472,埃那姆・埃利奥特,1,3
4473,凯特・迪基,1,3
4474,露西・哈钦森,1,3
4475,金素梅,1,3
4476,米切尔・利希藤斯坦,1,3
4477,汉克・阿扎利亚,1,3
4478,盖布瑞・马赫特,1,3
4479,乔治・席格,1,3
4480,吉尔・克雷伯格,1,3
4481,凯特・詹宁斯・格兰特,1,3
4482,凯瑟琳・温妮克,1,3
4483,尹扬明,1,3
4484,李若彤,1,3
4485,李力持,1,3
4486,袁信义,1,3
4487,植敬雯,1,3
4488,潘恒生,1,3
4489,文隽,1,3
4490,黄老邪,1,3
4491,拉斯・米克尔森,1,3
4492,琳赛・邓肯,3,3
4493,蒂莫西・卡尔顿,1,3
4494,婉妲・泛森,1,3
4495,昂哈妮玛,1,3
4496,巴森,1,3
4497,尹铸胜,1,3
4498,吴彦姝,1,3
4499,祖峰,2,3
4500,王茜,1,3
4501,刘志宏,1,3
4502,艾丽娅,1,3
4503,陈创,1,3
4504,韩张,1,3
4505,奥列佛・里德,1,3
4506,沙溢,1,3
4507,姜超,1,3
4508,肖剑,1,3
4509,岳跃利,1,3
4510,王磊,1,3
4511,艾曼纽・贝阿,1,3
4512,海伦・亨特,1,3
4513,克里斯・诺斯,1,3
4514,尼克・西塞,1,3
4515,金喜善,1,3
4516,玛丽卡・沙拉瓦特,1,3
4517,孙周,1,3
4518,谭耀文,1,3
4519,杨洋,1,3
4520,张天爱,1,3
4521,廖学秋,1,3
4522,汪启楠,1,3
4523,安韩瑾,1,3
4524,潘肖,1,3
4525,曹涤非,1,3
4526,朱红,1,3
4527,刘乐思,1,3
4528,蓝可,1,3
4529,张爱钦,1,3
4530,安德丽亚・瑞斯波罗格,1,3
4531,艾米・莱安,1,3
4532,梅里特・韦弗,1,3
4533,杰克・塞隆,1,3
4534,谢拉・汉考克,1,3
4535,大卫・海曼,1,3
4536,贝拉・费斯彼姆,1,3
4537,朱莉・克里斯蒂,1,3
4538,马特・狄龙,1,3
4539,布兰登・费舍,1,3
4540,珍妮弗・艾斯波西多,1,3
4541,瑞恩・菲利普,1,3
4542,林辰唏,1,3
4543,张瀚,1,3
4544,帕顿・奥斯瓦尔特,1,3
4545,卢・罗曼诺,1,3
4546,布莱恩・丹内利,1,3
4547,詹尼安・吉劳法罗,1,3
4548,尼尔・塞西,1,3
4549,吉安卡罗・埃斯波西托,1,3
4550,恩杰伊・安东尼,1,3
4551,莎拉・阿林顿,1,3
4552,瑞提什・拉詹,1,3
4553,罗斯・马林格,1,3
4554,丽塔・威尔逊,1,3
4555,凯莉・洛维,1,3
4556,LeClanchéduRand,1,3
4557,凯文・欧莫里森,1,3
4558,大卫・海德・皮尔斯,1,3
4559,ValerieWright,1,3
4560,TomTammi,1,3
4561,CalvinTrillin,1,3
4562,LindaWallem,1,3
4563,LaTanyaRichardson,1,3
4564,罗茜・欧唐内,1,3
4565,汤姆・麦高恩,1,3
4566,SteveMellor,1,3
4567,丹娜・爱薇,1,3
4568,布莱恩・麦克康纳契,1,3
4569,盖比・霍夫曼,1,3
4570,AmandaMaher,1,3
4571,BarbaraGarrick,1,3
4572,尼可・斯彻金格,1,3
4573,大卫・拉斯彻,1,3
4574,权相宇,1,3
4575,姚星彤,1,3
4576,张蓝心,1,3
4577,白露娜,1,3
4578,刘承俊,1,3
4579,李宗盛,1,3
4580,浅野长英,1,3
4581,林鹏,1,3
4582,杰米・坎贝尔・鲍尔,2,3
4583,黄立行,1,3
4584,李艾,1,3
4585,王菁A,1,3
4586,罗异,1,3
4587,鲁伯特・艾弗雷特,1,3
4588,丹尼尔・卡卢亚,1,3
4589,杰西卡・布朗・芬德利,1,3
4590,保罗・帕波维尔,1,3
4591,汤姆・库伦,1,3
4592,王柠,1,3
4593,刘诗诗,1,3
4594,王千源,2,3
4595,李东学,1,3
4596,叶青,1,3
4597,周一围,1,3
4598,朱丹,1,3
4599,叶相明,1,3
4600,莉迪亚・威尔逊,1,3
4601,凡妮莎・柯比,1,3
4602,李・阿斯奎斯-柯,1,3
4603,凯瑟琳・斯戴曼,1,3
4604,杰基・韦佛,1,3
4605,阿努潘・凯尔,1,3
4606,谢伊・惠格姆,1,3
4607,陈国新,1,3
4608,魏晨,1,3
4609,毕夏,1,3
4610,张宁江,1,3
4611,亚历桑德雷・罗德里格斯,1,3
4612,莱安德鲁・菲尔米诺,1,3
4613,菲利佩・哈根森,1,3
4614,道格拉斯・席尔瓦,1,3
4615,JonathanHaagensen,1,3
4616,马修斯・纳克加勒,1,3
4617,索・豪黑,1,3
4618,亨利・方达,1,3
4619,约翰・菲德勒,1,3
4620,李・科布,1,3
4621,E.G.马绍尔,1,3
4622,杰克・克卢格曼,1,3
4623,爱德华・宾斯,1,3
4624,杰克・瓦尔登,1,3
4625,约瑟夫・史威尼,1,3
4626,埃德・贝格利,1,3
4627,乔治・沃斯科维奇,1,3
4628,罗伯特・韦伯,1,3
4629,莫里茨・布莱布特罗伊,1,3
4630,赫伯特・克瑙普,1,3
4631,妮娜・皮q,1,3
4632,阿敏・罗德,1,3
4633,约阿希姆・克罗尔,1,3
4634,路德格・皮斯特,1,3
4635,苏珊娜・冯・博尔索迪,1,3
4636,塞巴斯蒂安・席佩尔,1,3
4637,朱丽叶・林迪希,1,3
4638,拉尔斯・鲁道夫,1,3
4639,海诺・费尔希,1,3
4640,尊龙,1,3
4641,英若诚,1,3
4642,黄自强,1,3
4643,丹尼斯・邓恩,1,3
4644,坂本龙一,1,3
4645,马吉・汉,1,3
4646,里克・扬,1,3
4647,邬君梅,1,3
4648,苟杰德,1,3
4649,理查德・吴,1,3
4650,皱缇格,1,3
4651,陈凯歌,1,3
4652,吴涛,1,3
4653,亨利・欧,1,3
4654,陈述,1,3
4655,鲍皓昕,1,3
4656,黄文捷,1,3
4657,RuzhenShao,1,3
4658,HenryKyi,1,3
4659,张良斌,1,3
4660,DongLiang,1,3
4661,康斯坦丁・格雷戈里,1,3
4662,LuciaHwong,1,3
4663,王涛,1,3
4664,宋怀桂,1,3
4665,李宜娟,1,3
4666,尹航,1,3
4667,夏子涵,1,3
4668,林丛,1,3
4669,周雨彤,1,3
4670,达科塔・范宁,1,3
4671,杰克逊・拉斯波恩,1,3
4672,彼得・费辛利,1,3
4673,凯南・鲁兹,1,3
4674,伊莉莎白・里瑟,1,3
4675,宋丹丹,1,3
4676,杜家毅,1,3
4677,李咏,1,3
4678,曹炳琨,1,3
4679,克里斯蒂娜・亨德里克斯,1,3
4680,萨米・盖尔,1,3
4681,布莱思・丹纳,1,3
4682,约翰・贝德福德・劳埃德,1,3
4683,伊桑・桑德勒,1,3
4684,托马斯・阿拉纳,1,3
4685,奥莎娜・阿金什那,1,3
4686,薛耿求,1,3
4687,严志媛,1,3
4688,李来,1,3
4689,金海淑,1,3
4690,金相浩,1,3
4691,罗美兰,1,3
4692,杨真诚,1,3
4693,大卫・李・史密斯,1,3
4694,约翰・比灵斯列,1,3
4695,安妮卡・彼得森,1,3
4696,阿丽西丝・索普,1,3
4697,威廉姆・卡特,1,3
4698,理查德・雷西尔,1,3
4699,艾伦・克劳福德,1,3
4700,StevenLittles,1,3
4701,RobbieBryan,1,3
4702,吴若甫,1,3
4703,赵小锐,1,3
4704,李梦,1,3
4705,蔡鹭,1,3
4706,陆彭,1,3
4707,洪晃,1,3
4708,刘利年,1,3
4709,那英,1,3
4710,刘索拉,1,3
4711,姜洪齐,1,3
4712,琳达・费奥伦蒂诺,1,3
4713,托尼・夏尔赫布,1,3
4714,新垣结衣,1,3
4715,三浦春马,1,3
4716,香里奈,1,3
4717,麻生v未,1,3
4718,迪・沃伦斯,1,3
4719,罗伯特・麦克纳夫顿,1,3
4720,彼德・考约特,1,3
4721,安娜・麦克西维尔・马丁,1,3
4722,露西・科乎,1,3
4723,劳伦斯・福克斯,1,3
4724,伊恩・理查森,1,3
4725,乔・安德森,1,3
4726,JessicaAshworth,1,3
4727,汤姆-沃恩-劳勒,1,3
4728,张慧雯,1,3
4729,刘佩琦,1,3
4730,辛柏青,1,3
4731,陈小艺,1,3
4732,丁嘉丽,1,3
4733,乔・阿尔文,1,3
4734,加内特・赫德兰,1,3
4735,麦肯兹・利,1,3
4736,史蒂夫・马丁,1,3
4737,本・普拉特,1,3
4738,阿图罗・卡斯特罗,1,3
4739,亚斯特罗,1,3
4740,博・纳普,1,3
4741,伊斯梅尔・克鲁斯・科尔多瓦,1,3
4742,巴尼・哈里斯,1,3
4743,布鲁斯・麦金农,1,3
